Date,Last Update,Flag,Temperature,Precip,PrecipProb,Windgust,Windspeed,Visibility,Height,Flag
07/10/2020,07/10/2020,Green,11.4,0.206,100,,16.8,20.7,0.717,Green
08/10/2020,07/10/2020,Green,12.8,7.129,100,,20.6,14.1,0.73,Green
09/10/2020,07/10/2020,Green,8.5,0.32,100,,14.6,19.6,0.725,Green
10/10/2020,07/10/2020,Green,8.1,1.643,100,,16.4,22.4,0.717,Green
11/10/2020,07/10/2020,Green,9.1,0.679,100,,11.8,23.1,0.724,Green
12/10/2020,07/10/2020,Green,8.7,1.111,100,,10.9,12.6,0.718,Green
13/10/2020,07/10/2020,Green,9,4.009,100,,8.9,9.8,0.701,Green
14/10/2020,07/10/2020,Green,9.5,1.41,100,,15.6,13,0.701,Green
15/10/2020,07/10/2020,Green,8.7,0.383,100,,13.2,15.7,0.7,Green
16/10/2020,07/10/2020,Green,9.4,0.106,100,,8.7,17.4,0.701,Green
17/10/2020,07/10/2020,Green,9.4,0.75,100,,8.2,14.8,0.687,Green
18/10/2020,07/10/2020,Green,9.4,0.171,100,,5.4,15.4,0.679,Green
19/10/2020,07/10/2020,Green,11,0,0,,15.1,14.1,0.679,Green
20/10/2020,07/10/2020,Green,13.9,0.562,100,,14.5,16,0.676,Green
21/10/2020,07/10/2020,Green,13.7,9.507,100,,12.9,11.7,0.707,Green
22/10/2020,07/10/2020,Green,12,0.781,100,,17.2,19.8,0.721,Green
23/10/2020,07/10/2020,Green,11.4,1.106,100,,16.1,17.8,0.718,Green
24/10/2020,24/10/2020,Yellow,11,5.75,100,34.4,21.7,16.4,0.722,Yellow
25/10/2020,25/10/2020,Green,9.5,7.054,100,,16.3,20.7,0.732,Green
26/10/2020,25/10/2020,Green,8.3,0.2,100,,15.9,17.8,0.727,Green
27/10/2020,25/10/2020,Green,8.6,1.117,100,,16.1,12,0.723,Green
28/10/2020,25/10/2020,Green,8.5,2.286,100,33.3,17.8,16.8,0.724,Green
29/10/2020,25/10/2020,Green,10.4,3.598,100,31.1,17.3,13.7,0.733,Green
30/10/2020,25/10/2020,Green,14.7,0.074,100,31.1,18,15.7,0.734,Green
31/10/2020,31/10/2020,Yellow,12.7,4.081,100,,19.2,15.7,0.721,Yellow
01/11/2020,31/10/2020,Yellow,13.8,0.225,100,34.4,26.5,13.2,0.733,Yellow
02/11/2020,02/11/2020,Green,13.4,0.714,100,46.4,28.1,17.2,0.728,Green
03/11/2020,02/11/2020,Green,6.3,5.241,100,,18.9,17.5,0.729,Green
04/11/2020,04/11/2020,Not Operational,4.7,0.021,100,,8.5,14.4,0.733,Not Operational
05/11/2020,04/11/2020,Not Operational,4.8,0.146,100,,5.7,6.7,0.724,Not Operational
06/11/2020,04/11/2020,Not Operational,6.2,0.083,100,,12.3,8.4,0.714,Not Operational
07/11/2020,04/11/2020,Not Operational,8.3,0,0,,7.8,5,0.693,Not Operational
08/11/2020,04/11/2020,Not Operational,11.4,0.227,100,,7.6,2.7,0.676,Not Operational
09/11/2020,04/11/2020,Not Operational,12.8,2.037,100,,8.4,3.8,0.668,Not Operational
10/11/2020,04/11/2020,Not Operational,11.6,0.831,100,,9.1,8.2,0.665,Not Operational
11/11/2020,04/11/2020,Not Operational,10.8,0.168,100,,17,8.7,0.552,Not Operational
12/11/2020,04/11/2020,Not Operational,10.1,1.912,100,31.1,18.3,15,0.732,Not Operational
13/11/2020,04/11/2020,Not Operational,10,0.139,100,,15.4,14,0.725,Not Operational
14/11/2020,04/11/2020,Not Operational,11.6,4.901,100,32.2,18.9,9.5,0.725,Not Operational
15/11/2020,04/11/2020,Not Operational,10.5,14.204,100,34.4,19.6,13.6,0.736,Not Operational
16/11/2020,04/11/2020,Not Operational,9.7,1.209,100,21.9,19.9,13.3,0.729,Not Operational
17/11/2020,04/11/2020,Not Operational,12.8,0.466,100,,19.3,13.1,0.732,Not Operational
18/11/2020,04/11/2020,Not Operational,11.8,0.273,100,38.2,21,12.6,0.726,Not Operational
19/11/2020,04/11/2020,Not Operational,6.6,0.63,100,,19.9,14.4,0.72,Not Operational
20/11/2020,04/11/2020,Not Operational,5.2,0.694,100,,15.1,10,0.726,Not Operational
21/11/2020,04/11/2020,Not Operational,10.7,0.067,100,29.8,20.4,17.8,0.711,Not Operational
22/11/2020,04/11/2020,Not Operational,6.9,0.329,100,,11.9,15.7,0.718,Not Operational
23/11/2020,04/11/2020,Not Operational,4.9,0.1,100,,11,10.3,0.715,Not Operational
24/11/2020,04/11/2020,Not Operational,9.6,0,0,,14,14.1,0.711,Not Operational
25/11/2020,04/11/2020,Not Operational,8.2,0.087,100,,10.5,8.8,0.713,Not Operational
26/11/2020,04/11/2020,Not Operational,2.6,0.069,100,,4.3,4,0.71,Not Operational
27/11/2020,04/11/2020,Not Operational,2,0.1,100,,5,1.3,0.708,Not Operational
28/11/2020,04/11/2020,Not Operational,7.4,0.515,100,,10.1,3.9,0.706,Not Operational
29/11/2020,04/11/2020,Not Operational,6.8,0,0,,6.3,2.5,0.704,Not Operational
30/11/2020,04/11/2020,Not Operational,7,1.451,100,31.1,18.5,6.4,0.704,Not Operational
01/12/2020,04/11/2020,Not Operational,4.4,0.187,100,,13.2,15.1,0.703,Not Operational
02/12/2020,02/12/2020,Green,3.4,0.34,100,,8.3,7.9,0.702,Green
03/12/2020,02/12/2020,Green,4.6,13.884,100,,12,7.4,0.715,Green
04/12/2020,04/12/2020,Not Operational,3,20.496,100,,16,8.5,0.737,Not Operational
05/12/2020,04/12/2020,Not Operational,3.2,1.053,100,,11,11.7,0.722,Not Operational
06/12/2020,04/12/2020,Not Operational,-0.4,0.076,100,,4.3,2.5,0.718,Not Operational
07/12/2020,04/12/2020,Not Operational,-0.7,0.117,100,,3.3,0.2,0.679,Not Operational
08/12/2020,04/12/2020,Not Operational,0.1,0.344,100,,7.4,1.9,0.718,Not Operational
09/12/2020,04/12/2020,Not Operational,4.8,6.725,100,,10.5,8.9,0.728,Not Operational
10/12/2020,04/12/2020,Not Operational,5.1,0.034,100,,14.3,8.6,0.728,Not Operational
11/12/2020,04/12/2020,Not Operational,7.6,6.936,100,,14.5,4.8,0.73,Not Operational
12/12/2020,04/12/2020,Not Operational,6.8,2.246,100,,13.4,7.9,0.721,Not Operational
13/12/2020,04/12/2020,Not Operational,6,2.047,100,29.8,18.4,9,0.728,Not Operational
14/12/2020,04/12/2020,Not Operational,10.1,4.666,100,,16.9,10.3,0.729,Not Operational
15/12/2020,04/12/2020,Not Operational,7.9,0.405,100,,11.4,10.2,0.713,Not Operational
16/12/2020,04/12/2020,Not Operational,8.1,1.792,100,,17.3,12.8,0.726,Not Operational
17/12/2020,04/12/2020,Not Operational,7.8,0.165,100,,14.6,12.5,0.715,Not Operational
18/12/2020,04/12/2020,Not Operational,11,0.174,100,34.4,19.2,14.9,0.725,Not Operational
19/12/2020,04/12/2020,Not Operational,9.8,1.578,100,,18.9,12.9,0.721,Not Operational
20/12/2020,04/12/2020,Not Operational,7.1,0,0,,15,15.2,0.729,Not Operational
21/12/2020,04/12/2020,Not Operational,9.6,9.534,100,,16.3,10.7,0.737,Not Operational
22/12/2020,04/12/2020,Not Operational,8.5,2.127,100,29.8,18.8,12.7,0.736,Not Operational
23/12/2020,04/12/2020,Not Operational,9.4,23.642,100,35.6,20.3,5.4,0.736,Not Operational
24/12/2020,04/12/2020,Not Operational,3.9,7.887,100,,19.8,15.1,0.731,Not Operational
25/12/2020,04/12/2020,Not Operational,1.3,0.307,100,,14.6,17.7,0.724,Not Operational
26/12/2020,04/12/2020,Not Operational,5.6,0.018,100,39.1,27.5,15.7,0.721,Not Operational
27/12/2020,04/12/2020,Not Operational,5.5,3.891,100,37.8,30.7,14.1,0.723,Not Operational
28/12/2020,04/12/2020,Not Operational,1.3,0.1,100,,10.3,6.1,0.723,Not Operational
29/12/2020,04/12/2020,Not Operational,1.7,0,0,,10.8,6,0.724,Not Operational
30/12/2020,04/12/2020,Not Operational,0.6,0.07,100,,8.8,9.4,0.72,Not Operational
31/12/2020,04/12/2020,Not Operational,-1.3,0.034,100,,7.7,2.7,0.723,Not Operational
01/01/2021,04/12/2020,Not Operational,0.8,0.306,100,,8.2,4.8,0.723,Not Operational
02/01/2021,04/12/2020,Not Operational,2,0.16,100,,8.7,12.2,0.727,Not Operational
03/01/2021,04/12/2020,Not Operational,2.2,0.462,100,,10,8.8,0.728,Not Operational
04/01/2021,04/12/2020,Not Operational,3,0.212,100,,18.4,14,0.729,Not Operational
05/01/2021,04/12/2020,Not Operational,2.6,0.684,100,,14.5,13.6,0.725,Not Operational
06/01/2021,04/12/2020,Not Operational,2.6,1.355,100,,10.4,12.2,0.725,Not Operational
07/01/2021,04/12/2020,Not Operational,0,0.074,100,,9.4,5.7,0.726,Not Operational
08/01/2021,04/12/2020,Not Operational,-0.5,0.017,100,,5.2,2.1,0.721,Not Operational
09/01/2021,04/12/2020,Not Operational,-1.4,0.103,100,,3.7,1.6,0.727,Not Operational
10/01/2021,04/12/2020,Not Operational,0.9,0.034,100,,9.3,5.4,0.726,Not Operational
11/01/2021,04/12/2020,Not Operational,5.5,0.314,100,,19.9,13.5,0.729,Not Operational
12/01/2021,04/12/2020,Not Operational,4.5,4.421,100,,18.4,12.6,0.722,Not Operational
13/01/2021,04/12/2020,Not Operational,1.7,3.876,100,,5.9,4.6,0.724,Not Operational
14/01/2021,04/12/2020,Not Operational,2.2,20.019,100,,17.9,5.1,0.737,Not Operational
15/01/2021,04/12/2020,Not Operational,0.8,0.103,100,,6.2,6.6,0.727,Not Operational
16/01/2021,04/12/2020,Not Operational,3.1,9.147,100,33.3,16.3,8.8,0.728,Not Operational
17/01/2021,04/12/2020,Not Operational,4.4,0,0,,14.3,13.2,0.724,Not Operational
18/01/2021,04/12/2020,Not Operational,4.3,0.018,100,,16.9,11,0.722,Not Operational
19/01/2021,04/12/2020,Not Operational,10,4.299,100,37.8,23,13.9,0.748,Not Operational
20/01/2021,04/12/2020,Not Operational,10,0.521,100,40.6,22.3,12.5,0.725,Not Operational
21/01/2021,04/12/2020,Not Operational,5,2.988,100,44.1,25.6,16.3,0.733,Not Operational
22/01/2021,04/12/2020,Not Operational,2.6,0,0,,12.1,16.8,0.73,Not Operational
23/01/2021,04/12/2020,Not Operational,0.7,3.7,100,,9.5,9.5,0.725,Not Operational
24/01/2021,04/12/2020,Not Operational,-0.7,1.389,100,,9.5,7.9,0.721,Not Operational
25/01/2021,04/12/2020,Not Operational,-0.1,0.406,100,,15,14,0.726,Not Operational
26/01/2021,04/12/2020,Not Operational,1.3,4.156,100,,9.9,10.3,0.727,Not Operational
27/01/2021,04/12/2020,Not Operational,6.4,1.201,100,,9.1,4.8,0.734,Not Operational
28/01/2021,04/12/2020,Not Operational,8.9,14.244,100,,15.2,8.9,0.734,Not Operational
29/01/2021,04/12/2020,Not Operational,8.9,7.921,100,,17.3,12.5,0.733,Not Operational
30/01/2021,04/12/2020,Not Operational,3.3,3.636,100,31.1,20.1,8.7,0.729,Not Operational
31/01/2021,04/12/2020,Not Operational,1.4,0.1,100,,14.7,12.4,0.722,Not Operational
01/02/2021,04/12/2020,Not Operational,2,0.609,100,,7.8,7.1,0.721,Not Operational
02/02/2021,04/12/2020,Not Operational,7.2,7.049,100,,14.4,6.4,0.722,Not Operational
03/02/2021,04/12/2020,Not Operational,7.5,0.558,100,,15.2,13.7,0.724,Not Operational
04/02/2021,04/12/2020,Not Operational,5.6,4.023,100,,8.8,6.5,0.725,Not Operational
05/02/2021,04/12/2020,Not Operational,7,3.561,100,,7.8,9.6,0.732,Not Operational
06/02/2021,04/12/2020,Not Operational,5.1,9.703,100,,15.6,6.8,0.723,Not Operational
07/02/2021,04/12/2020,Not Operational,0.9,2.397,100,32.5,21.6,6.2,0.733,Not Operational
08/02/2021,04/12/2020,Not Operational,-1.6,0,0,34.4,18.3,7.6,0.718,Not Operational
09/02/2021,04/12/2020,Not Operational,-1,39.694,100,,11.4,11.9,0.721,Not Operational
10/02/2021,04/12/2020,Not Operational,-1.2,47.69,100,,16.1,10.8,0.724,Not Operational
11/02/2021,04/12/2020,Not Operational,-2,0,0,21.9,16.8,6.4,0.719,Not Operational
12/02/2021,04/12/2020,Not Operational,-1.3,0,0,25.1,20.4,6.2,0.722,Not Operational
13/02/2021,04/12/2020,Not Operational,-1,0,0,24.6,22.7,11.3,0.722,Not Operational
14/02/2021,04/12/2020,Not Operational,1.4,30.755,100,34.4,23.6,12.6,0.726,Not Operational
15/02/2021,04/12/2020,Not Operational,6.9,11.467,100,,14.5,8.2,0.722,Not Operational
16/02/2021,04/12/2020,Not Operational,8.7,1.51,100,,14.3,11.6,0.733,Not Operational
17/02/2021,04/12/2020,Not Operational,9.1,0.909,100,,16.8,10.5,0.729,Not Operational
18/02/2021,04/12/2020,Not Operational,7.8,2.274,100,29.6,17.7,14.4,0.72,Not Operational
19/02/2021,04/12/2020,Not Operational,7.7,0,0,35.8,22.8,9.7,0.727,Not Operational
20/02/2021,04/12/2020,Not Operational,11.7,0,0,33.3,18.7,12.9,0.722,Not Operational
21/02/2021,04/12/2020,Not Operational,10.7,0.071,100,,14.7,11.8,0.729,Not Operational
22/02/2021,04/12/2020,Not Operational,8.4,0.409,100,,8.8,7.7,0.735,Not Operational
23/02/2021,04/12/2020,Not Operational,10,0.146,100,35.3,22,11.9,0.727,Not Operational
24/02/2021,04/12/2020,Not Operational,13.3,0,0,,19.8,16.2,0.724,Not Operational
25/02/2021,04/12/2020,Not Operational,9.4,0.511,100,,14.6,14.7,0.727,Not Operational
26/02/2021,04/12/2020,Not Operational,4.9,0,0,,9.6,13.5,0.725,Not Operational
27/02/2021,04/12/2020,Not Operational,5,0.018,100,,5.2,10.6,0.736,Not Operational
28/02/2021,04/12/2020,Not Operational,4.1,0.082,100,,7.9,6.8,0.726,Not Operational
01/03/2021,04/12/2020,Not Operational,4.3,0.034,100,,10.3,4.9,0.727,Not Operational
02/03/2021,04/12/2020,Not Operational,5,0,0,,7.9,3.8,0.728,Not Operational
03/03/2021,04/12/2020,Not Operational,4.6,5.548,100,,6.2,3,0.723,Not Operational
04/03/2021,04/12/2020,Not Operational,3.8,9.625,100,,11.2,10.5,0.729,Not Operational
05/03/2021,04/12/2020,Not Operational,3,0.031,100,,13.4,15.1,0.732,Not Operational
06/03/2021,04/12/2020,Not Operational,2.3,0,0,,5.3,14.6,0.725,Not Operational
07/03/2021,04/12/2020,Not Operational,3.4,0,0,,5.6,13.4,0.729,Not Operational
08/03/2021,04/12/2020,Not Operational,5.2,0.06,100,,9.3,9.2,0.729,Not Operational
09/03/2021,04/12/2020,Not Operational,6.8,0.118,100,,12.3,15.5,0.725,Not Operational
10/03/2021,04/12/2020,Not Operational,7.4,5.286,100,39.1,24.2,9,0.737,Not Operational
11/03/2021,04/12/2020,Not Operational,8.8,2.291,100,58.6,32.6,15.5,0.725,Not Operational
12/03/2021,04/12/2020,Not Operational,6.7,0.431,100,40.9,24.9,15.1,0.726,Not Operational
13/03/2021,04/12/2020,Not Operational,6,1.627,100,36.7,29.2,15.1,0.725,Not Operational
14/03/2021,04/12/2020,Not Operational,6.9,3.204,100,29.8,20.3,15.2,0.728,Not Operational
15/03/2021,04/12/2020,Not Operational,7.6,2.159,100,,14.4,14.5,0.722,Not Operational
16/03/2021,04/12/2020,Not Operational,7.7,1.55,100,,19.3,9.5,0.723,Not Operational
17/03/2021,04/12/2020,Not Operational,6.1,0.703,100,,16.5,8.9,0.727,Not Operational
18/03/2021,04/12/2020,Not Operational,6.5,2.205,100,,14,7.6,0.728,Not Operational
19/03/2021,04/12/2020,Not Operational,6.6,0.633,100,,13.1,14.7,0.733,Not Operational
20/03/2021,04/12/2020,Not Operational,7,0,0,,9.1,13.2,0.729,Not Operational
21/03/2021,04/12/2020,Not Operational,6.4,0,0,,13.3,11.6,0.722,Not Operational
22/03/2021,04/12/2020,Not Operational,5.3,0,0,,9.9,10.3,0.724,Not Operational
23/03/2021,04/12/2020,Not Operational,6.5,0,0,,14.5,9.7,0.729,Not Operational
24/03/2021,04/12/2020,Not Operational,7.8,0,0,,12.5,9,0.728,Not Operational
25/03/2021,04/12/2020,Not Operational,8.2,0.525,100,,17.9,12.3,0.717,Not Operational
26/03/2021,04/12/2020,Not Operational,8.6,2.024,100,42.5,24.1,14.2,0.727,Not Operational
27/03/2021,04/12/2020,Not Operational,6.7,0.041,100,28.9,22.4,16.9,0.726,Not Operational
28/03/2021,04/12/2020,Not Operational,10.4,0,0,42.5,22.3,14.4,0.726,Not Operational
29/03/2021,04/12/2020,Not Operational,12.6,0,0,28.9,18.7,15.6,0.738,Not Operational
30/03/2021,04/12/2020,Not Operational,12.7,0,0,,9.6,14.3,0.724,Not Operational
31/03/2021,04/12/2020,Not Operational,14.5,0,0,,7.3,10.4,0.727,Not Operational
01/04/2021,04/12/2020,Not Operational,8,0,0,28.9,17.1,12,0.726,Not Operational
02/04/2021,04/12/2020,Not Operational,5.9,0,0,,14.6,20.6,0.725,Not Operational
03/04/2021,04/12/2020,Not Operational,6,0,0,,14.5,13.3,0.723,Not Operational
04/04/2021,04/04/2021,Cambridge Blue,8.1,0,0,,14.9,12,0.723,Cambridge Blue
05/04/2021,04/04/2021,Cambridge Blue,5.3,0,0,32.2,21.2,15.7,0.726,Cambridge Blue
06/04/2021,04/04/2021,Cambridge Blue,2,0,0,30,18.8,17.4,0.724,Cambridge Blue
07/04/2021,04/04/2021,Cambridge Blue,2.6,0,0,,15.6,19,0.73,Cambridge Blue
08/04/2021,04/04/2021,Cambridge Blue,7.2,0,0,,18.5,20.6,0.724,Cambridge Blue
09/04/2021,04/04/2021,Cambridge Blue,7.2,0.294,100,,13.9,15.9,0.726,Cambridge Blue
10/04/2021,04/04/2021,Cambridge Blue,5.1,0.53,100,,14.9,13.9,0.736,Cambridge Blue
11/04/2021,04/04/2021,Cambridge Blue,2.7,0.415,100,,13.6,16.6,0.734,Cambridge Blue
12/04/2021,04/04/2021,Cambridge Blue,3.6,0.154,100,,9.3,15,0.728,Cambridge Blue
13/04/2021,04/04/2021,Cambridge Blue,5.3,0,0,,8.8,16.5,0.729,Cambridge Blue
14/04/2021,04/04/2021,Cambridge Blue,5.6,0,0,,11.3,15.7,0.73,Cambridge Blue
15/04/2021,04/04/2021,Cambridge Blue,4,0.166,100,,15.3,16.6,0.727,Cambridge Blue
16/04/2021,04/04/2021,Cambridge Blue,4.7,0.065,100,,9.2,13.4,0.732,Cambridge Blue
17/04/2021,04/04/2021,Cambridge Blue,5.5,0,0,,9.6,16.3,0.732,Cambridge Blue
18/04/2021,04/04/2021,Cambridge Blue,6.9,0,0,,9.3,16.8,0.728,Cambridge Blue
19/04/2021,04/04/2021,Cambridge Blue,7.6,0.017,100,,9.2,9.8,0.727,Cambridge Blue
20/04/2021,04/04/2021,Cambridge Blue,9.1,0,0,,6.6,8.4,0.712,Cambridge Blue
21/04/2021,04/04/2021,Cambridge Blue,7.7,0,0,,15.6,10.4,0.705,Cambridge Blue
22/04/2021,04/04/2021,Cambridge Blue,6.4,0,0,,9.6,13,0.706,Cambridge Blue
23/04/2021,04/04/2021,Cambridge Blue,7.6,0,0,,12.8,14,0.707,Cambridge Blue
24/04/2021,04/04/2021,Cambridge Blue,8.7,0,0,,12.2,13.8,0.705,Cambridge Blue
25/04/2021,04/04/2021,Cambridge Blue,6.8,0,0,,15.9,12.1,0.703,Cambridge Blue
26/04/2021,04/04/2021,Cambridge Blue,6.9,0,0,,12.6,16.2,0.703,Cambridge Blue
27/04/2021,27/04/2021,Green,7.3,0,0,,8.8,12.6,0.705,Green
28/04/2021,27/04/2021,Green,9.1,0.069,100,30,20.1,11.5,0.702,Green
29/04/2021,27/04/2021,Green,6.5,0.058,100,,14,16.5,0.705,Green
30/04/2021,27/04/2021,Green,5.8,0.057,100,,10.7,15.1,0.707,Green
01/05/2021,27/04/2021,Green,5.9,0.166,100,,13,12.6,0.702,Green
02/05/2021,27/04/2021,Green,7.1,0.105,100,,10.3,12.2,0.699,Green
03/05/2021,27/04/2021,Green,8.7,2.851,100,39.1,27,12.7,0.709,Green
04/05/2021,04/05/2021,Yellow,8.2,4.875,100,39.1,28.1,15,0.722,Yellow
05/05/2021,05/05/2021,Green,5.9,2.9,100,,14.8,15.6,0.722,Green
06/05/2021,05/05/2021,Green,5.4,0.886,100,,13.3,13.9,0.713,Green
07/05/2021,05/05/2021,Green,7.9,0.017,100,,13.3,16.1,0.709,Green
08/05/2021,08/05/2021,Yellow,10.5,10.852,100,33.3,22,10.5,0.73,Yellow
09/05/2021,09/05/2021,Green,15.4,0.095,100,33.3,18.4,17.3,0.719,Green
10/05/2021,10/05/2021,Yellow,13,3.223,100,37.8,23.2,13.1,0.706,Yellow
11/05/2021,11/05/2021,Green,11.7,0.696,100,,15,14.3,0.706,Green
12/05/2021,11/05/2021,Green,11.6,0,0,,11.5,14.8,0.699,Green
13/05/2021,11/05/2021,Green,11.1,2.513,100,,13.4,8.8,0.705,Green
14/05/2021,11/05/2021,Green,9.4,4.183,100,,9.8,10.2,0.734,Green
15/05/2021,11/05/2021,Green,9.4,1.989,100,,10.4,8.7,0.712,Green
16/05/2021,11/05/2021,Green,11,1.356,100,,10.9,11.9,0.716,Green
17/05/2021,11/05/2021,Green,10.7,5.978,100,,10.3,11.8,0.715,Green
18/05/2021,11/05/2021,Green,10.4,5.565,100,,12.6,17.7,0.716,Green
19/05/2021,11/05/2021,Green,11.3,3.364,100,,12.1,14.5,0.707,Green
20/05/2021,20/05/2021,Yellow,10.2,0.359,100,38,23.3,13.6,0.704,Yellow
21/05/2021,20/05/2021,Yellow,10.8,3.306,100,43.3,27.3,10.3,0.704,Yellow
22/05/2021,22/05/2021,Green,9.5,5.436,100,,15.2,15,0.725,Green
23/05/2021,22/05/2021,Green,9.5,1.066,100,,18.9,14.6,0.715,Green
24/05/2021,22/05/2021,Green,10,5.433,100,,15,15.6,0.722,Green
25/05/2021,22/05/2021,Green,10.2,0.963,100,29.8,20.7,16.9,0.729,Green
26/05/2021,22/05/2021,Green,9.9,1.408,100,,14.9,14.2,0.719,Green
27/05/2021,22/05/2021,Green,12,0.017,100,,8.4,10.8,0.704,Green
28/05/2021,22/05/2021,Green,13.3,5.542,100,,7.5,11,0.683,Green
29/05/2021,22/05/2021,Green,14.9,0,0,,10.9,13,0.668,Green
30/05/2021,22/05/2021,Green,12.5,0,0,,12.4,10.2,0.663,Green
31/05/2021,22/05/2021,Green,14.4,0.018,100,,11,10.7,0.661,Green
01/06/2021,22/05/2021,Green,16.8,0,0,31.1,13.5,12.7,0.657,Green
02/06/2021,22/05/2021,Green,18.5,0,0,,13.5,13.9,0.654,Green
03/06/2021,22/05/2021,Green,18.5,0.182,100,,9.4,11.4,0.652,Green
04/06/2021,22/05/2021,Green,14,10.333,100,,9.7,10.7,0.661,Green
05/06/2021,22/05/2021,Green,16.2,0.79,100,,9.6,12.4,0.663,Green
06/06/2021,22/05/2021,Green,16.7,0,0,,8.2,12.1,0.659,Green
07/06/2021,22/05/2021,Green,17.9,0,0,,11,14.1,0.654,Green
08/06/2021,22/05/2021,Green,17.9,0,0,,8.3,14.1,0.647,Green
09/06/2021,22/05/2021,Green,18.6,0,0,,10.9,15.5,0.641,Green
10/06/2021,22/05/2021,Green,18.8,0,0,,11.1,15.2,0.64,Green
11/06/2021,22/05/2021,Green,19.1,0,0,,15.4,14.1,0.621,Green
12/06/2021,22/05/2021,Green,17.5,0,0,,11.5,14.4,0.633,Green
13/06/2021,22/05/2021,Green,18.5,0,0,,8.3,14.9,0.627,Green
14/06/2021,22/05/2021,Green,20.3,0,0,,10.6,15.3,0.625,Green
15/06/2021,22/05/2021,Green,17.2,0,0,,10,16.5,0.624,Green
16/06/2021,22/05/2021,Green,20.3,0.1,100,,13,15.3,0.622,Green
17/06/2021,22/05/2021,Green,17.8,6.297,100,,9.9,7.5,0.631,Green
18/06/2021,22/05/2021,Green,13.5,27.166,100,,15.7,6.3,0.7,Green
19/06/2021,22/05/2021,Green,12.7,1.043,100,,12.1,12,0.713,Green
20/06/2021,22/05/2021,Green,12.8,1.309,100,,10.5,8.7,0.715,Green
21/06/2021,22/05/2021,Green,12.4,0.629,100,,15.8,11,0.694,Green
22/06/2021,22/05/2021,Green,12.7,0.31,100,,15.7,14.7,0.663,Green
23/06/2021,22/05/2021,Green,13.4,0.018,100,,7.3,15.2,0.666,Green
24/06/2021,22/05/2021,Green,14.9,0.093,100,,9.9,11.9,0.66,Green
25/06/2021,22/05/2021,Green,16,0.781,100,,11.5,13.8,0.653,Green
26/06/2021,22/05/2021,Green,16.1,0.139,100,,12.6,12.6,0.652,Green
27/06/2021,22/05/2021,Green,16.2,0.018,100,,15.1,6.7,0.649,Green
28/06/2021,22/05/2021,Green,14.9,2.967,100,,11.8,4.5,0.658,Green
29/06/2021,22/05/2021,Green,14.7,0.612,100,,10.7,10.2,0.657,Green
30/06/2021,22/05/2021,Green,13.5,0.681,100,,11.3,10.9,0.658,Green
01/07/2021,22/05/2021,Green,14.3,0,0,,8.3,11.6,0.654,Green
02/07/2021,22/05/2021,Green,17.5,0,0,,11.3,8.5,0.653,Green
03/07/2021,22/05/2021,Green,17.7,2.638,100,,11.6,10.1,0.648,Green
04/07/2021,22/05/2021,Green,17.2,3.236,100,,13.5,13.1,0.646,Green
05/07/2021,22/05/2021,Green,16.5,1.307,100,,12.8,13.1,0.645,Green
06/07/2021,22/05/2021,Green,15.3,10.135,100,38,20,12.7,0.67,Green
07/07/2021,22/05/2021,Green,16.5,0.103,100,,15.5,13.4,0.681,Green
08/07/2021,22/05/2021,Green,16.7,0.129,100,,10.6,11.8,0.662,Green
09/07/2021,09/07/2021,Not Operational,17.6,0.741,100,,8.4,10.1,0.655,Not Operational
10/07/2021,09/07/2021,Not Operational,16.1,0.715,100,,5.1,13.3,0.647,Not Operational
11/07/2021,09/07/2021,Not Operational,17,0.19,100,,9.4,12.1,0.642,Not Operational
12/07/2021,09/07/2021,Not Operational,16.7,1.545,100,,8,10.3,0.648,Not Operational
13/07/2021,09/07/2021,Not Operational,17.2,0.273,100,,12,11,0.656,Not Operational
14/07/2021,09/07/2021,Not Operational,17,0,0,,12.7,12.8,0.633,Not Operational
15/07/2021,09/07/2021,Not Operational,16.3,0,0,,15.9,14.2,0.664,Not Operational
16/07/2021,09/07/2021,Not Operational,17.4,0,0,,11.6,13.8,0.669,Not Operational
17/07/2021,09/07/2021,Not Operational,20.1,0,0,,6.9,16.6,0.663,Not Operational
18/07/2021,09/07/2021,Not Operational,22.5,0,0,,8.8,15.7,0.66,Not Operational
19/07/2021,09/07/2021,Not Operational,21.5,0,0,,10.1,13.3,0.662,Not Operational
20/07/2021,09/07/2021,Not Operational,20.4,0.866,100,,12,9.4,0.674,Not Operational
21/07/2021,09/07/2021,Not Operational,21,0.688,100,,10.5,8.4,0.71,Not Operational
22/07/2021,09/07/2021,Not Operational,19.9,0,0,,9.5,10.3,0.678,Not Operational
23/07/2021,09/07/2021,Not Operational,16.5,0,0,,12.2,11,0.261,Not Operational
24/07/2021,09/07/2021,Not Operational,17.6,0.085,100,,15.7,10.2,0.659,Not Operational
25/07/2021,09/07/2021,Not Operational,18,3.476,100,,10.2,6.2,0.656,Not Operational
26/07/2021,09/07/2021,Not Operational,18.6,0.192,100,,9.4,8.4,0.678,Not Operational
27/07/2021,09/07/2021,Not Operational,18.1,3.307,100,,10.1,9.7,0.688,Not Operational
28/07/2021,09/07/2021,Not Operational,16.4,5.006,100,35.8,16.6,10.2,0.673,Not Operational
29/07/2021,09/07/2021,Not Operational,16.1,0.204,100,30.5,19.9,15,0.662,Not Operational
30/07/2021,09/07/2021,Not Operational,15.2,7.907,100,37.1,20.6,11.1,0.669,Not Operational
31/07/2021,09/07/2021,Not Operational,16.4,0.853,100,,12.7,15.5,0.667,Not Operational
01/08/2021,09/07/2021,Not Operational,14.9,1.037,100,,8.9,11.3,0.672,Not Operational
02/08/2021,09/07/2021,Not Operational,15.1,0.172,100,,7,15.1,0.663,Not Operational
03/08/2021,09/07/2021,Not Operational,15.9,0.034,100,,10.5,13.4,0.653,Not Operational
04/08/2021,09/07/2021,Not Operational,16.2,0,0,16.1,9.2,11.7,0.649,Not Operational
05/08/2021,09/07/2021,Not Operational,16.4,1.867,100,27.5,14.9,7.9,0.641,Not Operational
06/08/2021,09/07/2021,Not Operational,17.5,2.314,100,34.8,22,11.9,0.637,Not Operational
07/08/2021,09/07/2021,Not Operational,15.6,2.68,100,26.4,13.4,12.9,0.637,Not Operational
08/08/2021,09/07/2021,Not Operational,15.8,1.829,100,33.3,20.5,12.8,0.639,Not Operational
09/08/2021,09/07/2021,Not Operational,15.4,4.812,100,31.1,15.2,12.2,0.64,Not Operational
10/08/2021,09/07/2021,Not Operational,17.1,1.819,100,,11.8,13.2,0.641,Not Operational
11/08/2021,09/07/2021,Not Operational,18,0,0,,12.3,13.6,0.638,Not Operational
12/08/2021,09/07/2021,Not Operational,18.3,0.609,100,,14.6,14.1,0.631,Not Operational
13/08/2021,09/07/2021,Not Operational,17.2,0,0,28.9,17.8,11.1,0.636,Not Operational
14/08/2021,09/07/2021,Not Operational,18.8,0,0,,14.4,10.4,0.633,Not Operational
15/08/2021,09/07/2021,Not Operational,18.3,0,0,28.9,16,10.2,0.631,Not Operational
16/08/2021,09/07/2021,Not Operational,15.1,0.539,100,,14.5,8,0.626,Not Operational
17/08/2021,09/07/2021,Not Operational,14.3,0.777,100,,14.8,11.3,0.634,Not Operational
18/08/2021,09/07/2021,Not Operational,17.1,0.354,100,,15.3,13.4,0.636,Not Operational
19/08/2021,09/07/2021,Not Operational,17.4,1.298,100,,11.9,15.4,0.634,Not Operational
20/08/2021,09/07/2021,Not Operational,17.7,0.018,100,,7.8,12.3,0.635,Not Operational
21/08/2021,09/07/2021,Not Operational,16.8,0.281,100,,6.9,9.4,0.638,Not Operational
22/08/2021,09/07/2021,Not Operational,16.8,4.826,100,,11.3,8.6,0.654,Not Operational
23/08/2021,09/07/2021,Not Operational,15.7,0.227,100,,13.1,10.2,0.655,Not Operational
24/08/2021,09/07/2021,Not Operational,15.6,0,0,21.9,14.2,12.6,0.648,Not Operational
25/08/2021,09/07/2021,Not Operational,16.1,0.25,100,,10.1,14.9,0.644,Not Operational
26/08/2021,09/07/2021,Not Operational,15.2,0.349,100,33.3,15.6,12.9,0.641,Not Operational
27/08/2021,09/07/2021,Not Operational,14.7,0.017,100,,12,13.3,0.643,Not Operational
28/08/2021,09/07/2021,Not Operational,14.7,0.04,100,,13.6,12.3,0.642,Not Operational
29/08/2021,09/07/2021,Not Operational,13.7,0.017,100,,12.8,13.9,0.639,Not Operational
30/08/2021,09/07/2021,Not Operational,14.8,0.017,100,,12.9,12.6,0.64,Not Operational
31/08/2021,09/07/2021,Not Operational,14.7,0.279,100,,11.9,12.1,0.64,Not Operational
01/09/2021,09/07/2021,Not Operational,15.1,0,0,,12.3,11.9,0.642,Not Operational
02/09/2021,09/07/2021,Not Operational,15.5,0,0,,12.3,10.5,0.641,Not Operational
03/09/2021,09/07/2021,Not Operational,16.5,0,0,,12.4,8.6,0.64,Not Operational
04/09/2021,09/07/2021,Not Operational,15.7,0,0,,9.7,8.7,0.64,Not Operational
05/09/2021,09/07/2021,Not Operational,18,0,0,,8.6,8.6,0.64,Not Operational
06/09/2021,09/07/2021,Not Operational,19.2,0,0,,7.4,7.5,0.641,Not Operational
07/09/2021,09/07/2021,Not Operational,21.2,0,0,,11.4,8.6,0.638,Not Operational
08/09/2021,09/07/2021,Not Operational,21.1,0,0,,15.1,9.2,0.641,Not Operational
09/09/2021,09/07/2021,Not Operational,19.2,1.37,100,,13.5,9.6,0.643,Not Operational
10/09/2021,09/07/2021,Not Operational,18.5,1.048,100,,12.1,14.9,0.643,Not Operational
11/09/2021,09/07/2021,Not Operational,18.4,0.051,100,,13.7,12.3,0.651,Not Operational
12/09/2021,09/07/2021,Not Operational,16.2,0,0,,7.9,16.1,0.649,Not Operational
13/09/2021,09/07/2021,Not Operational,15.1,0,0,,11.7,14.8,0.647,Not Operational
14/09/2021,09/07/2021,Not Operational,15.7,19.614,100,,8.4,6.1,0.701,Not Operational
15/09/2021,09/07/2021,Not Operational,16,0.053,100,,9.7,11.7,0.725,Not Operational
16/09/2021,09/07/2021,Not Operational,15.7,0.017,100,,9.4,9.5,0.681,Not Operational
17/09/2021,09/07/2021,Not Operational,16.2,0,0,,10.9,10.7,0.662,Not Operational
18/09/2021,09/07/2021,Not Operational,17.2,0.018,100,,11.4,10.4,0.649,Not Operational
19/09/2021,09/07/2021,Not Operational,16.4,39.903,100,,6.9,7.8,0.646,Not Operational
20/09/2021,09/07/2021,Not Operational,14.8,3.535,100,,9.3,11.6,0.648,Not Operational
21/09/2021,09/07/2021,Not Operational,14.8,0.9,100,,7.2,10.3,0.663,Not Operational
22/09/2021,09/07/2021,Not Operational,14.7,0.017,100,,14.6,11.4,0.658,Not Operational
23/09/2021,09/07/2021,Not Operational,15.9,0,0,31.1,18.5,15.4,0.656,Not Operational
24/09/2021,09/07/2021,Not Operational,16.5,0.018,100,,14.4,12.8,0.657,Not Operational
25/09/2021,09/07/2021,Not Operational,16.9,0.048,100,,8,8,0.654,Not Operational
26/09/2021,09/07/2021,Not Operational,16.7,0.123,100,,13.5,9,0.658,Not Operational
27/09/2021,09/07/2021,Not Operational,15,2.785,100,36.2,21.7,17,0.666,Not Operational
28/09/2021,09/07/2021,Not Operational,13.2,3.903,100,31.8,17.2,14,0.676,Not Operational
29/09/2021,09/07/2021,Not Operational,10.7,7.698,100,31.8,20.5,17.7,0.702,Not Operational
30/09/2021,09/07/2021,Not Operational,11.5,0.571,100,36.9,22,14,0.696,Not Operational
01/10/2021,09/07/2021,Not Operational,14.1,1.647,100,34.9,19.1,16.9,0.683,Not Operational
02/10/2021,09/07/2021,Not Operational,10.8,11.604,100,29.7,16.6,12.2,0.683,Not Operational
03/10/2021,09/07/2021,Not Operational,12.1,0.627,100,37.8,21.7,18.6,0.697,Not Operational
04/10/2021,09/07/2021,Not Operational,12.4,2.214,100,25.3,18,15.4,0.706,Not Operational
05/10/2021,09/07/2021,Not Operational,12.1,8.817,100,37.2,22.9,14.9,0.703,Not Operational
06/10/2021,09/07/2021,Not Operational,11.3,1.326,100,32.1,21.9,16.3,0.726,Not Operational
07/10/2021,07/10/2021,Green,14.4,0.018,100,15,9.1,11.7,0.704,Green
08/10/2021,07/10/2021,Green,15.5,0,0,10.3,6.1,6.7,0.691,Green
09/10/2021,07/10/2021,Green,11.6,0.017,100,9.2,4.4,4.3,0.685,Green
10/10/2021,07/10/2021,Green,11.9,0.2,100,15,8.6,9.5,0.682,Green
11/10/2021,07/10/2021,Green,9.7,0,0,18.3,10.1,12.7,0.684,Green
12/10/2021,07/10/2021,Green,10.8,1.243,100,17.2,12.1,13.2,0.687,Green
13/10/2021,07/10/2021,Green,10,0.017,100,14.1,10.4,11.9,0.687,Green
14/10/2021,07/10/2021,Green,12.8,0.018,100,19.5,14.6,11.8,0.69,Green
15/10/2021,07/10/2021,Green,11,0.077,100,17.2,11.2,14.3,0.69,Green
16/10/2021,07/10/2021,Green,10.1,0.086,100,11.4,8.1,12.1,0.69,Green
17/10/2021,07/10/2021,Green,12.6,0.099,100,20.8,13.1,10.2,0.692,Green
18/10/2021,07/10/2021,Green,12.8,1.551,100,21.9,11.8,6.7,0.699,Green
19/10/2021,07/10/2021,Green,17.5,0.654,100,37.7,26,9.1,0.68,Green
20/10/2021,07/10/2021,Green,14.8,20.678,100,34.1,24,11.4,0.691,Green
21/10/2021,07/10/2021,Green,8,11.881,100,34.4,18.2,15,0.725,Green
22/10/2021,07/10/2021,Green,8.4,0.358,100,28.4,17.5,14.7,0.719,Green
23/10/2021,07/10/2021,Green,10.3,0,0,18.3,10.7,15.9,0.697,Green
24/10/2021,07/10/2021,Green,12.1,0.018,100,23.9,14.3,16.7,0.697,Green
25/10/2021,07/10/2021,Green,11.6,1.426,100,19.7,12,11,0.684,Green
26/10/2021,07/10/2021,Green,11.9,0.018,100,28.9,15.7,12.2,0.68,Green
27/10/2021,07/10/2021,Green,14.8,0,0,33.3,20,16.4,0.679,Green
28/10/2021,07/10/2021,Green,13.2,0,0,31.1,16.1,15,0.675,Green
29/10/2021,29/10/2021,Yellow,12.7,0.839,100,35.8,19.5,15.4,0.676,Yellow
30/10/2021,30/10/2021,Green,10.6,1.18,100,29.9,15.2,16.2,0.678,Green
31/10/2021,31/10/2021,Yellow,10.5,3.948,100,39.7,21.1,13.9,0.681,Yellow
01/11/2021,31/10/2021,Yellow,9.3,0.073,100,31.9,22.3,16.6,0.685,Yellow
02/11/2021,02/11/2021,Green,5.5,0.083,100,10.3,6.1,10.8,0.683,Green
03/11/2021,02/11/2021,Green,5.1,2.645,100,18.3,10.2,8.5,0.679,Green
04/11/2021,02/11/2021,Green,6.4,2.051,100,26.4,13.2,16,0.679,Green
05/11/2021,02/11/2021,Green,5.5,0,0,11.4,9.6,12.7,0.678,Green
06/11/2021,06/11/2021,Yellow,10.2,0.047,100,31.8,22.3,12.9,0.679,Yellow
07/11/2021,07/11/2021,Green,8.9,0.017,100,31.5,17.7,12.5,0.681,Green
08/11/2021,07/11/2021,Green,7,0,0,13.9,9.4,8.4,0.68,Green
09/11/2021,07/11/2021,Green,12.3,0.049,100,18.3,12.5,13.8,0.681,Green
10/11/2021,07/11/2021,Green,11.3,1.177,100,10.3,7.2,7.3,0.682,Green
11/11/2021,07/11/2021,Green,11.4,0.335,100,11.4,8.2,7.4,0.681,Green
12/11/2021,07/11/2021,Green,11,1.147,100,28.9,15.8,9.7,0.683,Green
13/11/2021,07/11/2021,Green,10.9,0.385,100,24.2,14.3,16.7,0.68,Green
14/11/2021,07/11/2021,Green,10.8,0.332,100,13.9,9.1,8.5,0.678,Green
15/11/2021,07/11/2021,Green,9.2,0.017,100,6.9,4.7,9.7,0.679,Green
16/11/2021,07/11/2021,Green,7.3,0,0,11.4,9.4,6.3,0.678,Green
17/11/2021,07/11/2021,Green,7.8,0.141,100,20.8,12.8,9.2,0.674,Green
18/11/2021,07/11/2021,Green,9.1,0,0,23,12.3,13.6,0.674,Green
19/11/2021,07/11/2021,Green,10.3,0,0,12.8,11.7,13.5,0.678,Green
20/11/2021,07/11/2021,Green,9.4,0,0,16.3,9.3,14,0.679,Green
21/11/2021,07/11/2021,Green,5.2,0.461,100,25.7,15.3,15.3,0.678,Green
22/11/2021,07/11/2021,Green,4.3,0.117,100,19.2,12.1,12.7,0.679,Green
23/11/2021,07/11/2021,Green,3.8,1.804,100,9.2,5.4,8.1,0.68,Green
24/11/2021,07/11/2021,Green,5.1,0.054,100,11.4,7.5,6.8,0.685,Green
25/11/2021,07/11/2021,Green,3.8,0.066,100,21.3,13.3,13.1,0.686,Green
26/11/2021,26/11/2021,Yellow,3.9,3.174,100,34.7,19.6,14.2,0.686,Yellow
27/11/2021,26/11/2021,Yellow,2.7,12.354,100,39.4,27.2,10.7,0.689,Yellow
28/11/2021,28/11/2021,Green,0.6,0.774,100,32.1,19.3,16,0.694,Green
29/11/2021,28/11/2021,Green,0.3,0.052,100,17.2,13.4,9,0.699,Green
30/11/2021,28/11/2021,Green,9.2,0.116,100,29.8,21.9,17,0.695,Green
01/12/2021,28/11/2021,Green,7.1,1.001,100,37.7,26.9,16.6,0.694,Green
02/12/2021,28/11/2021,Green,1.5,0.167,100,27.8,15.4,16,0.692,Green
03/12/2021,03/12/2021,Not Operational,4.2,0.675,100,20.8,12.6,7.2,0.691,Not Operational
04/12/2021,03/12/2021,Not Operational,4.5,2.146,100,33.6,21.9,11.1,0.689,Not Operational
05/12/2021,03/12/2021,Not Operational,4.5,5.727,100,31.1,18.5,11.7,0.69,Not Operational
06/12/2021,03/12/2021,Not Operational,3.1,4.288,100,21.9,13.7,8,0.708,Not Operational
07/12/2021,03/12/2021,Not Operational,3.5,3.77,100,36.2,22,12.5,0.706,Not Operational
08/12/2021,03/12/2021,Not Operational,5.6,0.235,100,34.7,24,13.9,0.729,Not Operational
09/12/2021,03/12/2021,Not Operational,5.1,1.556,100,22.6,15,12.9,0.716,Not Operational
10/12/2021,03/12/2021,Not Operational,4.7,7.898,100,32.1,20.1,13,0.733,Not Operational
11/12/2021,03/12/2021,Not Operational,4.2,0.908,100,18.3,11.6,9.9,0.726,Not Operational
12/12/2021,03/12/2021,Not Operational,11.6,1.343,100,23,15.9,14.2,0.732,Not Operational
13/12/2021,03/12/2021,Not Operational,10.4,0.075,100,23.3,14,15.8,0.723,Not Operational
14/12/2021,03/12/2021,Not Operational,10.7,0.018,100,18.3,14.2,14.1,0.713,Not Operational
15/12/2021,03/12/2021,Not Operational,10.4,0,0,15,10.9,14.5,0.71,Not Operational
16/12/2021,03/12/2021,Not Operational,8.9,0,0,8.1,5.8,12.8,0.699,Not Operational
17/12/2021,03/12/2021,Not Operational,5.5,0.07,100,11.4,7.4,4,0.692,Not Operational
18/12/2021,03/12/2021,Not Operational,6.9,0.218,100,13.9,8.9,3.3,0.69,Not Operational
19/12/2021,03/12/2021,Not Operational,4.1,0.202,100,11.4,6.3,1.9,0.689,Not Operational
20/12/2021,03/12/2021,Not Operational,5.1,0.338,100,11.4,6.1,10,0.689,Not Operational
21/12/2021,03/12/2021,Not Operational,3.3,0,0,9.6,5,12.1,0.689,Not Operational
22/12/2021,03/12/2021,Not Operational,0.9,0.271,100,12.8,8.3,7.8,0.688,Not Operational
23/12/2021,03/12/2021,Not Operational,6.6,0.784,100,19.7,12.5,4.3,0.69,Not Operational
24/12/2021,03/12/2021,Not Operational,6.8,1.864,100,15,11.3,5.3,0.692,Not Operational
25/12/2021,03/12/2021,Not Operational,5.1,5.109,100,23,16.4,6.8,0.728,Not Operational
26/12/2021,03/12/2021,Not Operational,5.5,6.964,100,24.2,15.1,3.6,0.733,Not Operational
27/12/2021,03/12/2021,Not Operational,8,1.587,100,19.7,12,4.3,0.726,Not Operational
28/12/2021,03/12/2021,Not Operational,8.9,3.27,100,29.4,19.7,10.3,0.72,Not Operational
29/12/2021,03/12/2021,Not Operational,9.5,0.813,100,22.9,16.3,10.5,0.72,Not Operational
30/12/2021,03/12/2021,Not Operational,14,0,0,30.7,19.6,14.8,0.72,Not Operational
31/12/2021,03/12/2021,Not Operational,13,1.958,100,32.7,18.8,13.4,0.722,Not Operational
01/01/2022,03/12/2021,Not Operational,12.9,0.548,100,28.2,16,9.1,0.717,Not Operational
02/01/2022,03/12/2021,Not Operational,10.7,2.819,100,29.5,19.9,13.6,0.72,Not Operational
03/01/2022,03/12/2021,Not Operational,8.4,0.103,100,26.1,18.8,10.8,0.727,Not Operational
04/01/2022,03/12/2021,Not Operational,3.6,1.864,100,20.8,13.4,12,0.72,Not Operational
05/01/2022,03/12/2021,Not Operational,2.1,0,0,24.2,15.2,13.9,0.721,Not Operational
06/01/2022,03/12/2021,Not Operational,1.2,0.554,100,25.3,15.9,10.6,0.721,Not Operational
07/01/2022,03/12/2021,Not Operational,3.4,0.15,100,27,17.5,16.3,0.726,Not Operational
08/01/2022,03/12/2021,Not Operational,4.9,4.153,100,27.8,17.2,10.5,0.735,Not Operational
09/01/2022,03/12/2021,Not Operational,3.5,0.03,100,17.2,13.1,13,0.727,Not Operational
10/01/2022,03/12/2021,Not Operational,3.8,0.166,100,17.2,10.1,6.4,0.727,Not Operational
11/01/2022,03/12/2021,Not Operational,7.6,2.168,100,16.1,10.4,5.2,0.722,Not Operational
12/01/2022,03/12/2021,Not Operational,2.5,0.098,100,12.8,6,6,0.726,Not Operational
13/01/2022,03/12/2021,Not Operational,2.9,0.066,100,13.9,6.4,8,0.725,Not Operational
14/01/2022,03/12/2021,Not Operational,1.4,0.051,100,10.3,6.3,4.9,0.723,Not Operational
15/01/2022,03/12/2021,Not Operational,2.8,0.099,100,10.3,8.2,3.1,0.721,Not Operational
16/01/2022,03/12/2021,Not Operational,5.1,0.018,100,17.2,11.6,7.7,0.737,Not Operational
17/01/2022,03/12/2021,Not Operational,2.5,0.018,100,15,8,9.3,0.728,Not Operational
18/01/2022,03/12/2021,Not Operational,1.8,0.134,100,19.7,7.6,3.8,0.724,Not Operational
19/01/2022,03/12/2021,Not Operational,4.8,0,0,29.5,16.1,9.2,0.725,Not Operational
20/01/2022,03/12/2021,Not Operational,1.9,0.017,100,19.7,12.8,13.5,0.728,Not Operational
21/01/2022,03/12/2021,Not Operational,1,0,0,15.2,9.3,12.9,0.72,Not Operational
22/01/2022,22/01/2022,Green,3.5,0.038,100,16.1,9.8,12.6,0.716,Green
23/01/2022,22/01/2022,Green,4.8,0,0,9.2,5.4,9.8,0.715,Green
24/01/2022,22/01/2022,Green,3.5,0,0,8.1,3.9,5.6,0.715,Green
25/01/2022,22/01/2022,Green,1.9,0,0,11.4,7.9,4.1,0.715,Green
26/01/2022,22/01/2022,Green,4.4,0,0,19.9,13.8,7.1,0.714,Green
27/01/2022,22/01/2022,Green,6.9,0.034,100,28.4,17.7,13,0.714,Green
28/01/2022,22/01/2022,Green,4.9,0.03,100,17.2,14.1,9.2,0.714,Green
29/01/2022,29/01/2022,Yellow,9.3,0,0,39.5,25.3,15.9,0.715,Yellow
30/01/2022,29/01/2022,Yellow,3.8,0.271,100,30.7,21.9,10.9,0.715,Yellow
31/01/2022,31/01/2022,Green,5.1,0.244,100,38.1,24.9,15.2,0.72,Green
01/02/2022,31/01/2022,Green,9.3,0.474,100,37.4,26.8,16,0.724,Green
02/02/2022,31/01/2022,Green,9.5,0,0,26.6,14.3,16.8,0.723,Green
03/02/2022,31/01/2022,Green,8.1,0,0,26.4,16.6,16,0.724,Green
04/02/2022,31/01/2022,Green,5.8,6.937,100,30.8,20.4,16.2,0.726,Green
05/02/2022,05/02/2022,Yellow,5.8,0,0,36.5,23.8,15.2,0.73,Yellow
06/02/2022,05/02/2022,Yellow,7.8,3.633,100,42.2,25.6,14.9,0.725,Yellow
07/02/2022,07/02/2022,Green,5.6,0.091,100,27.5,15.9,13.3,0.731,Green
08/02/2022,07/02/2022,Green,10,0,0,27,18.4,17.1,0.722,Green
09/02/2022,07/02/2022,Green,8.9,0.571,100,21.9,15.3,14.1,0.727,Green
10/02/2022,07/02/2022,Green,4.9,0.677,100,22.6,15.1,14.4,0.73,Green
11/02/2022,07/02/2022,Green,3.1,0,0,17.2,11,12.9,0.727,Green
12/02/2022,07/02/2022,Green,4.9,0.03,100,34.4,22.1,14.6,0.725,Green
13/02/2022,13/02/2022,Yellow,7.8,2.616,100,35.8,19.6,10.3,0.729,Yellow
14/02/2022,14/02/2022,Green,7,6.67,100,29.8,19.2,14.9,0.725,Green
15/02/2022,14/02/2022,Green,5.7,5.65,100,31.6,21.5,12.3,0.737,Green
16/02/2022,14/02/2022,Green,12.1,1.325,100,47.7,29.8,13.2,0.73,Green
17/02/2022,17/02/2022,Yellow,8.1,1.526,100,44,28.9,14.6,0.723,Yellow
18/02/2022,17/02/2022,Yellow,7.3,1.873,100,61.2,43.4,11,0.723,Yellow
19/02/2022,19/02/2022,Green,4,6.441,100,38.1,21.6,13.4,0.728,Green
20/02/2022,20/02/2022,Yellow,8.6,8.491,100,49.7,29.3,10.2,0.733,Yellow
21/02/2022,20/02/2022,Yellow,6.8,2.068,100,50.5,32.6,11.2,0.735,Yellow
22/02/2022,22/02/2022,Green,7.5,0.725,100,36.3,23.4,11.7,0.722,Green
23/02/2022,22/02/2022,Green,6.3,0.018,100,31.5,22,12,0.717,Green
24/02/2022,22/02/2022,Green,5.3,7.496,100,37.2,22.5,15.3,0.727,Green
25/02/2022,22/02/2022,Green,5.1,0,0,30.9,19.6,13.3,0.733,Green
26/02/2022,22/02/2022,Green,4.9,0.018,100,26.4,16,12.6,0.723,Green
27/02/2022,22/02/2022,Green,5,0,0,26.9,17.3,14.2,0.729,Green
28/02/2022,22/02/2022,Green,7.9,2.295,100,21.9,13.2,10.6,0.727,Green
01/03/2022,22/02/2022,Green,7.1,4.272,100,23,14.5,6.4,0.732,Green
02/03/2022,22/02/2022,Green,6.2,3.913,100,20.1,11.4,3.9,0.737,Green
03/03/2022,22/02/2022,Green,7.7,0.191,100,15,12,4.6,0.73,Green
04/03/2022,22/02/2022,Green,6.6,3.668,100,16.1,10.4,5.3,0.692,Green
05/03/2022,22/02/2022,Green,5,3.475,100,30,15,8.9,0.73,Green
06/03/2022,22/02/2022,Green,4.5,0.098,100,24.6,16.7,14.7,0.726,Green
07/03/2022,22/02/2022,Green,3.5,0,0,23.9,17.6,13.1,0.724,Green
08/03/2022,22/02/2022,Green,4.6,0,0,28.9,20.1,8.6,0.72,Green
09/03/2022,22/02/2022,Green,8.8,0,0,31.1,16.7,10.1,0.723,Green
10/03/2022,22/02/2022,Green,10.3,0,0,27.2,15.8,9.9,0.725,Green
11/03/2022,22/02/2022,Green,9.6,0.606,100,32.8,20.8,10.1,0.722,Green
12/03/2022,22/02/2022,Green,9.3,0.191,100,30.3,19.1,15,0.727,Green
13/03/2022,22/02/2022,Green,8.8,0.709,100,27.2,16.3,13.7,0.726,Green
14/03/2022,22/02/2022,Green,7.9,0.018,100,18.8,11.6,12.7,0.725,Green
15/03/2022,22/02/2022,Green,8.4,0.211,100,19.7,13.3,8.5,0.721,Green
16/03/2022,22/02/2022,Green,8.1,13.302,100,31.4,17.3,4.4,0.731,Green
17/03/2022,22/02/2022,Green,7.5,0.981,100,22.1,16.3,15.5,0.735,Green
18/03/2022,22/02/2022,Green,8.3,0.044,100,18.3,11.9,9.2,0.72,Green
19/03/2022,19/03/2022,Not Operational,8.5,0.034,100,31.8,22.8,10.9,0.722,Not Operational
20/03/2022,19/03/2022,Not Operational,5.9,0,0,18.1,11.4,8,0.727,Not Operational
21/03/2022,21/03/2022,Green,6.7,0,0,12.8,8.6,6.3,0.725,Green
22/03/2022,21/03/2022,Green,11,0,0,20.8,13.1,6.7,0.723,Green
23/03/2022,21/03/2022,Green,11.4,0,0,15,10,6.8,0.723,Green
24/03/2022,21/03/2022,Green,9.3,0,0,9.2,6.9,5.7,0.728,Green
25/03/2022,25/03/2022,Not Operational,9.3,0,0,16.6,10.4,6.1,0.724,Not Operational
26/03/2022,25/03/2022,Not Operational,9.7,0,0,19.7,12.5,7.1,0.729,Not Operational
27/03/2022,25/03/2022,Not Operational,8.4,0,0,12.8,9.3,10.2,0.73,Not Operational
28/03/2022,25/03/2022,Not Operational,8.1,0.034,100,8.1,6.7,8.7,0.725,Not Operational
29/03/2022,25/03/2022,Not Operational,6.6,0.499,100,17.2,10.1,4.7,0.72,Not Operational
30/03/2022,25/03/2022,Not Operational,5.6,0.607,100,25.3,14.6,7.8,0.721,Not Operational
31/03/2022,25/03/2022,Not Operational,2.7,0.404,100,40,27.1,16.2,0.721,Not Operational
01/04/2022,25/03/2022,Not Operational,3.4,0.35,100,35.1,20.8,17.1,0.716,Not Operational
02/04/2022,25/03/2022,Not Operational,2.8,0.111,100,18.8,12.3,15.5,0.713,Not Operational
03/04/2022,03/04/2022,Cambridge Blue,3.7,0.018,100,15,12.4,15.9,0.71,Cambridge Blue
04/04/2022,03/04/2022,Cambridge Blue,9.1,4.275,100,32.2,21.4,15.3,0.714,Cambridge Blue
05/04/2022,03/04/2022,Cambridge Blue,11.5,0.709,100,29.2,19.7,16.2,0.722,Cambridge Blue
06/04/2022,03/04/2022,Cambridge Blue,10.6,0.688,100,41,23.7,15.8,0.721,Cambridge Blue
07/04/2022,03/04/2022,Cambridge Blue,8,2.788,100,49.1,33,15.9,0.721,Cambridge Blue
08/04/2022,03/04/2022,Cambridge Blue,5.1,0.618,100,19.7,13.5,16.5,0.72,Cambridge Blue
09/04/2022,03/04/2022,Cambridge Blue,5.4,0,0,24.2,15.8,16.8,0.718,Cambridge Blue
10/04/2022,03/04/2022,Cambridge Blue,6.5,0,0,18.3,9.9,16.4,0.719,Cambridge Blue
11/04/2022,03/04/2022,Cambridge Blue,9.7,0,0,33.8,23.7,13.4,0.718,Cambridge Blue
12/04/2022,03/04/2022,Cambridge Blue,13.3,0.052,100,24.2,14.7,10.7,0.72,Cambridge Blue
13/04/2022,03/04/2022,Cambridge Blue,12.7,0.425,100,20.8,17.1,11.5,0.711,Cambridge Blue
14/04/2022,03/04/2022,Cambridge Blue,12.2,0.017,100,15,5.5,10.4,0.717,Cambridge Blue
15/04/2022,03/04/2022,Cambridge Blue,13.4,0,0,18.3,12.4,10.4,0.713,Cambridge Blue
16/04/2022,03/04/2022,Cambridge Blue,11.5,0,0,21.5,11.4,7.3,0.712,Cambridge Blue
17/04/2022,03/04/2022,Cambridge Blue,11.5,0,0,23,15.8,10.1,0.712,Cambridge Blue
18/04/2022,03/04/2022,Cambridge Blue,11.2,0,0,17.2,9.7,14.4,0.71,Cambridge Blue
19/04/2022,03/04/2022,Cambridge Blue,10.5,0.069,100,19.7,13.5,12.9,0.711,Cambridge Blue
20/04/2022,03/04/2022,Cambridge Blue,10.8,0,0,21.9,13.7,11.2,0.712,Cambridge Blue
21/04/2022,03/04/2022,Cambridge Blue,11.1,0,0,24.6,16.2,13.1,0.711,Cambridge Blue
22/04/2022,03/04/2022,Cambridge Blue,11.1,0,0,30.2,19.4,11.3,0.71,Cambridge Blue
23/04/2022,03/04/2022,Cambridge Blue,11.5,0,0,30.1,20.7,8.2,0.708,Cambridge Blue
24/04/2022,03/04/2022,Cambridge Blue,11,0,0,26.6,17,11,0.707,Cambridge Blue
25/04/2022,03/04/2022,Cambridge Blue,8.8,0.283,100,21.9,13.5,12.2,0.707,Cambridge Blue
26/04/2022,03/04/2022,Cambridge Blue,7.8,0.03,100,16.1,11.6,12.4,0.707,Cambridge Blue
27/04/2022,03/04/2022,Cambridge Blue,7.9,0,0,17.2,10.8,14.4,0.705,Cambridge Blue
28/04/2022,03/04/2022,Cambridge Blue,9.2,0,0,16.1,11.3,13,0.704,Cambridge Blue
29/04/2022,03/04/2022,Cambridge Blue,8.1,0,0,16.1,11.1,13.6,0.704,Cambridge Blue
30/04/2022,03/04/2022,Cambridge Blue,9.1,0,0,10.3,9,12.8,0.701,Cambridge Blue
01/05/2022,03/04/2022,Cambridge Blue,11.3,0,0,19.7,12.9,12.5,0.702,Cambridge Blue
02/05/2022,03/04/2022,Cambridge Blue,11.7,0,0,11.4,6.1,10.5,0.697,Cambridge Blue
03/05/2022,03/04/2022,Cambridge Blue,11.3,0,0,17.2,9.1,9.1,0.696,Cambridge Blue
04/05/2022,03/04/2022,Cambridge Blue,11.7,5.478,100,27.7,10.2,8.1,0.698,Cambridge Blue
05/05/2022,03/04/2022,Cambridge Blue,12.9,0.143,100,15,8,12.6,0.701,Cambridge Blue
06/05/2022,03/04/2022,Cambridge Blue,14.6,0.018,100,19.7,13.8,11.8,0.699,Cambridge Blue
07/05/2022,03/04/2022,Cambridge Blue,13.8,0.979,100,19.7,12.4,10.9,0.694,Cambridge Blue
08/05/2022,03/04/2022,Cambridge Blue,11.7,0,0,12.8,8.3,10.4,0.693,Cambridge Blue
09/05/2022,03/04/2022,Cambridge Blue,13.7,0,0,30,17.4,11.8,0.692,Cambridge Blue
10/05/2022,03/04/2022,Cambridge Blue,16.1,0.121,100,27.9,17.7,13.8,0.691,Cambridge Blue
11/05/2022,03/04/2022,Cambridge Blue,12.6,5.102,100,28.2,19.2,11.9,0.693,Cambridge Blue
12/05/2022,03/04/2022,Cambridge Blue,11.9,0.018,100,24.2,16.8,14.3,0.696,Cambridge Blue
13/05/2022,03/04/2022,Cambridge Blue,14.1,0,0,29.3,18.7,14.6,0.691,Cambridge Blue
14/05/2022,03/04/2022,Cambridge Blue,14.6,0,0,13.2,8.8,10.3,0.687,Cambridge Blue
15/05/2022,03/04/2022,Cambridge Blue,14.4,1.356,100,18.3,12.3,8.8,0.686,Cambridge Blue
16/05/2022,03/04/2022,Cambridge Blue,16.2,1.039,100,32.9,17.2,10.2,0.692,Cambridge Blue
17/05/2022,03/04/2022,Cambridge Blue,17.4,0.21,100,24.2,15.2,11.5,0.688,Cambridge Blue
18/05/2022,03/04/2022,Cambridge Blue,16.9,0.034,100,19.7,14.6,14.1,0.682,Cambridge Blue
19/05/2022,03/04/2022,Cambridge Blue,15.8,2.734,100,28.9,14.4,12.9,0.68,Cambridge Blue
20/05/2022,03/04/2022,Cambridge Blue,13.8,1.721,100,26.3,15,14.9,0.686,Cambridge Blue
21/05/2022,03/04/2022,Cambridge Blue,13.9,0,0,18.3,12.7,13.4,0.683,Cambridge Blue
22/05/2022,03/04/2022,Cambridge Blue,15.4,0,0,17.2,10.3,14.8,0.681,Cambridge Blue
23/05/2022,03/04/2022,Cambridge Blue,14.1,1.685,100,18.3,8.3,14.3,0.683,Cambridge Blue
24/05/2022,03/04/2022,Cambridge Blue,12.2,2.995,100,24.2,14.3,15.8,0.687,Cambridge Blue
25/05/2022,03/04/2022,Cambridge Blue,13.1,0.266,100,32.2,22.8,15.5,0.686,Cambridge Blue
26/05/2022,03/04/2022,Cambridge Blue,14.8,0.034,100,29.8,19.2,13.3,0.684,Cambridge Blue
27/05/2022,27/05/2022,Green,14,0,0,26.4,15.8,13.6,0.685,Green
28/05/2022,27/05/2022,Green,11.3,0,0,18.3,12.7,17.6,0.679,Green
29/05/2022,27/05/2022,Green,9.8,0.435,100,26.8,12.6,17.5,0.677,Green
30/05/2022,27/05/2022,Green,9.5,1.315,100,18.3,11.7,14.4,0.667,Green
31/05/2022,27/05/2022,Green,11.1,4.253,100,25.3,11.9,12.9,0.681,Green
01/06/2022,27/05/2022,Green,11.7,0,0,15,8.6,15.7,0.691,Green
02/06/2022,27/05/2022,Green,13.2,0,0,17.2,11.2,13.8,0.687,Green
03/06/2022,27/05/2022,Green,15,0,0,20.8,15.4,13.8,0.679,Green
04/06/2022,27/05/2022,Green,13.5,0.246,100,26.4,16.3,12.9,0.675,Green
05/06/2022,27/05/2022,Green,11.5,22.392,100,25.3,13.8,5.8,0.694,Green
06/06/2022,27/05/2022,Green,12,3.921,100,18.3,10.5,11.7,0.719,Green
07/06/2022,27/05/2022,Green,15.8,0,0,16.1,7.8,11.7,0.719,Green
08/06/2022,27/05/2022,Green,16.4,4.787,100,27.7,15.5,14.3,0.692,Green
09/06/2022,27/05/2022,Green,15.4,0.868,100,21.9,14.5,13.3,0.695,Green
10/06/2022,27/05/2022,Green,18.1,0.053,100,25.8,15.3,11.5,0.687,Green
11/06/2022,27/05/2022,Green,16.8,0,0,31.1,18.9,13.4,0.681,Green
12/06/2022,27/05/2022,Green,15.4,0,0,28.6,14.1,14,0.675,Green
13/06/2022,27/05/2022,Green,14.4,0,0,17.2,9.7,15.9,0.675,Green
14/06/2022,27/05/2022,Green,16.4,0,0,14.5,9.9,14.1,0.673,Green
15/06/2022,27/05/2022,Green,17.8,0,0,15,10.7,12.7,0.678,Green
16/06/2022,27/05/2022,Green,19.7,0,0,12.8,8.9,13,0.666,Green
17/06/2022,27/05/2022,Green,24,0,0,30,17.6,14.6,0.668,Green
18/06/2022,27/05/2022,Green,15.5,2.56,100,19.7,10,11.6,0.667,Green
19/06/2022,27/05/2022,Green,13.5,0.622,100,18.3,11.1,14.2,0.659,Green
20/06/2022,20/06/2022,Not Operational,14.7,0.03,100,18.3,9.1,14.2,0.673,Not Operational
21/06/2022,20/06/2022,Not Operational,16.8,0,0,10.2,8.2,12.9,0.664,Not Operational
22/06/2022,20/06/2022,Not Operational,18.5,0,0,13.1,10.6,15.3,0.625,Not Operational
23/06/2022,20/06/2022,Not Operational,18.2,0.018,100,13.3,8.9,12.2,0.656,Not Operational
24/06/2022,20/06/2022,Not Operational,18,0,0,25.8,16.6,12.5,0.669,Not Operational
25/06/2022,20/06/2022,Not Operational,16.7,0.462,100,25.9,17.1,15.3,0.668,Not Operational
26/06/2022,20/06/2022,Not Operational,16.5,0,0,28.5,17.9,16.7,0.667,Not Operational
27/06/2022,20/06/2022,Not Operational,15.2,0.796,100,23.6,16.8,15.6,0.658,Not Operational
28/06/2022,20/06/2022,Not Operational,15.8,0,0,29.4,17.2,15.8,0.656,Not Operational
29/06/2022,20/06/2022,Not Operational,17.1,0.066,100,19.6,12.9,15.9,0.661,Not Operational
30/06/2022,20/06/2022,Not Operational,15.1,0.406,100,13.3,9.4,13.6,0.661,Not Operational
01/07/2022,20/06/2022,Not Operational,15.1,0.517,100,21.4,14.5,15.1,0.673,Not Operational
02/07/2022,20/06/2022,Not Operational,15.9,0.333,100,27,18.9,17.1,0.678,Not Operational
03/07/2022,20/06/2022,Not Operational,15.7,0.099,100,18.2,13.4,17.2,0.676,Not Operational
04/07/2022,20/06/2022,Not Operational,15.8,0,0,20.3,14.3,17.2,0.676,Not Operational
05/07/2022,20/06/2022,Not Operational,15.8,0,0,20.8,12,18.9,0.671,Not Operational
06/07/2022,20/06/2022,Not Operational,17.2,0,0,21.7,16.1,19.2,0.671,Not Operational
07/07/2022,20/06/2022,Not Operational,18.3,0,0,20.2,13.4,17.2,0.665,Not Operational
08/07/2022,20/06/2022,Not Operational,19.9,0,0,15.3,11.6,16,0.643,Not Operational
09/07/2022,20/06/2022,Not Operational,19.1,0,0,16.6,11.2,19.4,0.641,Not Operational
10/07/2022,20/06/2022,Not Operational,20.4,0,0,12.5,10.5,18,0.638,Not Operational
11/07/2022,20/06/2022,Not Operational,22.6,0,0,14.7,12.9,17.7,0.632,Not Operational
12/07/2022,20/06/2022,Not Operational,,,,,,,0.628,Not Operational
13/07/2022,20/06/2022,Not Operational,,,,,,,0.63,Not Operational
14/07/2022,20/06/2022,Not Operational,,,,,,,0.625,Not Operational
15/07/2022,20/06/2022,Not Operational,,,,,,,0.635,Not Operational
16/07/2022,20/06/2022,Not Operational,,,,,,,0.641,Not Operational
17/07/2022,20/06/2022,Not Operational,,,,,,,0.644,Not Operational
18/07/2022,20/06/2022,Not Operational,,,,,,,0.644,Not Operational
19/07/2022,20/06/2022,Not Operational,,,,,,,0.644,Not Operational
20/07/2022,20/06/2022,Not Operational,,,,,,,0.64,Not Operational
21/07/2022,20/06/2022,Not Operational,,,,,,,0.643,Not Operational
22/07/2022,20/06/2022,Not Operational,,,,,,,0.646,Not Operational
23/07/2022,20/06/2022,Not Operational,,,,,,,0.646,Not Operational
24/07/2022,20/06/2022,Not Operational,,,,,,,0.648,Not Operational
25/07/2022,20/06/2022,Not Operational,,,,,,,0.636,Not Operational
26/07/2022,20/06/2022,Not Operational,,,,,,,0.618,Not Operational
27/07/2022,20/06/2022,Not Operational,,,,,,,0.62,Not Operational
28/07/2022,20/06/2022,Not Operational,,,,,,,0.62,Not Operational
29/07/2022,20/06/2022,Not Operational,,,,,,,0.62,Not Operational
30/07/2022,20/06/2022,Not Operational,,,,,,,0.619,Not Operational
31/07/2022,20/06/2022,Not Operational,,,,,,,0.616,Not Operational
01/08/2022,20/06/2022,Not Operational,,,,,,,0.619,Not Operational
02/08/2022,20/06/2022,Not Operational,,,,,,,0.618,Not Operational
03/08/2022,20/06/2022,Not Operational,,,,,,,0.617,Not Operational
04/08/2022,20/06/2022,Not Operational,,,,,,,0.611,Not Operational
05/08/2022,20/06/2022,Not Operational,,,,,,,0.585,Not Operational
06/08/2022,20/06/2022,Not Operational,,,,,,,0.566,Not Operational
07/08/2022,20/06/2022,Not Operational,,,,,,,0.56,Not Operational
08/08/2022,20/06/2022,Not Operational,,,,,,,0.57,Not Operational
09/08/2022,20/06/2022,Not Operational,,,,,,,0.52,Not Operational
10/08/2022,20/06/2022,Not Operational,,,,,,,0.581,Not Operational
11/08/2022,20/06/2022,Not Operational,,,,,,,0.613,Not Operational
12/08/2022,20/06/2022,Not Operational,,,,,,,0.614,Not Operational
13/08/2022,20/06/2022,Not Operational,,,,,,,0.613,Not Operational
14/08/2022,20/06/2022,Not Operational,,,,,,,0.601,Not Operational
15/08/2022,20/06/2022,Not Operational,,,,,,,0.607,Not Operational
16/08/2022,20/06/2022,Not Operational,,,,,,,0.606,Not Operational
17/08/2022,20/06/2022,Not Operational,,,,,,,0.606,Not Operational
18/08/2022,20/06/2022,Not Operational,,,,,,,0.602,Not Operational
19/08/2022,20/06/2022,Not Operational,,,,,,,0.601,Not Operational
20/08/2022,20/06/2022,Not Operational,,,,,,,0.601,Not Operational
21/08/2022,20/06/2022,Not Operational,,,,,,,0.587,Not Operational
22/08/2022,20/06/2022,Not Operational,,,,,,,0.58,Not Operational
23/08/2022,20/06/2022,Not Operational,,,,,,,0.575,Not Operational
24/08/2022,20/06/2022,Not Operational,,,,,,,0.576,Not Operational
25/08/2022,20/06/2022,Not Operational,,,,,,,0.651,Not Operational
26/08/2022,20/06/2022,Not Operational,,,,,,,0.667,Not Operational
27/08/2022,20/06/2022,Not Operational,,,,,,,0.669,Not Operational
28/08/2022,20/06/2022,Not Operational,,,,,,,0.658,Not Operational
29/08/2022,20/06/2022,Not Operational,,,,,,,0.655,Not Operational
30/08/2022,20/06/2022,Not Operational,,,,,,,0.663,Not Operational
31/08/2022,20/06/2022,Not Operational,,,,,,,0.661,Not Operational
01/09/2022,20/06/2022,Not Operational,,,,,,,0.652,Not Operational
02/09/2022,20/06/2022,Not Operational,,,,,,,0.648,Not Operational
03/09/2022,20/06/2022,Not Operational,,,,,,,0.653,Not Operational
04/09/2022,20/06/2022,Not Operational,,,,,,,0.657,Not Operational
05/09/2022,20/06/2022,Not Operational,,,,,,,0.66,Not Operational
06/09/2022,20/06/2022,Not Operational,,,,,,,0.673,Not Operational
07/09/2022,20/06/2022,Not Operational,,,,,,,0.679,Not Operational
08/09/2022,20/06/2022,Not Operational,,,,,,,0.675,Not Operational
09/09/2022,20/06/2022,Not Operational,,,,,,,0.678,Not Operational
10/09/2022,20/06/2022,Not Operational,,,,,,,0.675,Not Operational
11/09/2022,20/06/2022,Not Operational,,,,,,,0.669,Not Operational
12/09/2022,20/06/2022,Not Operational,,,,,,,0.667,Not Operational
13/09/2022,20/06/2022,Not Operational,,,,,,,0.67,Not Operational
14/09/2022,20/06/2022,Not Operational,,,,,,,0.668,Not Operational
15/09/2022,20/06/2022,Not Operational,,,,,,,0.674,Not Operational
16/09/2022,20/06/2022,Not Operational,,,,,,,0.678,Not Operational
17/09/2022,20/06/2022,Not Operational,,,,,,,0.674,Not Operational
18/09/2022,20/06/2022,Not Operational,,,,,,,0.667,Not Operational
19/09/2022,20/06/2022,Not Operational,,,,,,,0.676,Not Operational
20/09/2022,20/06/2022,Not Operational,,,,,,,0.676,Not Operational
21/09/2022,20/06/2022,Not Operational,,,,,,,0.672,Not Operational
22/09/2022,20/06/2022,Not Operational,,,,,,,0.668,Not Operational
23/09/2022,20/06/2022,Not Operational,,,,,,,0.672,Not Operational
24/09/2022,20/06/2022,Not Operational,,,,,,,0.675,Not Operational
25/09/2022,20/06/2022,Not Operational,,,,,,,0.672,Not Operational
26/09/2022,20/06/2022,Not Operational,,,,,,,0.678,Not Operational
27/09/2022,20/06/2022,Not Operational,,,,,,,0.677,Not Operational
28/09/2022,20/06/2022,Not Operational,,,,,,,0.681,Not Operational
29/09/2022,20/06/2022,Not Operational,,,,,,,0.682,Not Operational
30/09/2022,20/06/2022,Not Operational,,,,,,,0.684,Not Operational
01/10/2022,20/06/2022,Not Operational,,,,,,,0.693,Not Operational
02/10/2022,20/06/2022,Not Operational,,,,,,,0.699,Not Operational
03/10/2022,20/06/2022,Not Operational,,,,,,,0.692,Not Operational
04/10/2022,04/10/2022,Green,,,,,,,0.684,Green
05/10/2022,04/10/2022,Green,,,,,,,0.686,Green
06/10/2022,04/10/2022,Green,,,,,,,0.69,Green
07/10/2022,04/10/2022,Green,,,,,,,0.689,Green
08/10/2022,04/10/2022,Green,,,,,,,0.691,Green
09/10/2022,04/10/2022,Green,,,,,,,0.688,Green
10/10/2022,04/10/2022,Green,,,,,,,0.696,Green
11/10/2022,04/10/2022,Green,,,,,,,0.692,Green
12/10/2022,04/10/2022,Green,,,,,,,0.689,Green
13/10/2022,04/10/2022,Green,,,,,,,0.692,Green
14/10/2022,04/10/2022,Green,,,,,,,0.685,Green
15/10/2022,04/10/2022,Green,,,,,,,0.687,Green
16/10/2022,04/10/2022,Green,,,,,,,0.693,Green
17/10/2022,04/10/2022,Green,,,,,,,0.698,Green
18/10/2022,04/10/2022,Green,,,,,,,0.699,Green
19/10/2022,04/10/2022,Green,,,,,,,0.693,Green
20/10/2022,04/10/2022,Green,,,,,,,0.685,Green
21/10/2022,04/10/2022,Green,,,,,,,0.715,Green
22/10/2022,04/10/2022,Green,,,,,,,0.707,Green
23/10/2022,04/10/2022,Green,,,,,,,0.704,Green
24/10/2022,04/10/2022,Green,,,,,,,0.725,Green
25/10/2022,04/10/2022,Green,,,,,,,0.711,Green
26/10/2022,04/10/2022,Green,,,,,,,0.692,Green
27/10/2022,04/10/2022,Green,,,,,,,0.686,Green
28/10/2022,04/10/2022,Green,,,,,,,0.686,Green
29/10/2022,04/10/2022,Green,,,,,,,0.687,Green
30/10/2022,04/10/2022,Green,,,,,,,0.685,Green
31/10/2022,31/10/2022,Yellow,,,,,,,0.683,Yellow
01/11/2022,31/10/2022,Yellow,,,,,,,0.653,Yellow
02/11/2022,02/11/2022,Green,,,,,,,0.684,Green
03/11/2022,02/11/2022,Green,,,,,,,0.724,Green
04/11/2022,02/11/2022,Green,,,,,,,0.727,Green
05/11/2022,02/11/2022,Green,,,,,,,0.731,Green
06/11/2022,02/11/2022,Green,,,,,,,0.734,Green
07/11/2022,02/11/2022,Green,,,,,,,0.728,Green
08/11/2022,08/11/2022,Yellow,,,,,,,0.723,Yellow
09/11/2022,09/11/2022,Green,,,,,,,0.725,Green
10/11/2022,09/11/2022,Green,,,,,,,0.727,Green
11/11/2022,09/11/2022,Green,,,,,,,0.721,Green
12/11/2022,09/11/2022,Green,,,,,,,0.715,Green
13/11/2022,09/11/2022,Green,,,,,,,0.713,Green
14/11/2022,14/11/2022,Yellow,,,,,,,0.698,Yellow
15/11/2022,15/11/2022,Green,,,,,,,0.717,Green
16/11/2022,15/11/2022,Green,,,,,,,0.728,Green
17/11/2022,15/11/2022,Green,,,,,,,0.73,Green
18/11/2022,15/11/2022,Green,,,,,,,0.736,Green
19/11/2022,15/11/2022,Green,,,,,,,0.722,Green
20/11/2022,15/11/2022,Green,,,,,,,0.721,Green
21/11/2022,15/11/2022,Green,,,,,,,0.735,Green
22/11/2022,15/11/2022,Green,,,,,,,0.726,Green
23/11/2022,15/11/2022,Green,,,,,,,0.73,Green
24/11/2022,15/11/2022,Green,,,,,,,0.731,Green
25/11/2022,15/11/2022,Green,,,,,,,0.726,Green
26/11/2022,15/11/2022,Green,,,,,,,0.53,Green
27/11/2022,15/11/2022,Green,,,,,,,0.726,Green
28/11/2022,15/11/2022,Green,,,,,,,0.724,Green
29/11/2022,15/11/2022,Green,,,,,,,0.729,Green
30/11/2022,15/11/2022,Green,,,,,,,0.733,Green
01/12/2022,15/11/2022,Green,,,,,,,0.73,Green
02/12/2022,15/11/2022,Green,,,,,,,0.729,Green
03/12/2022,03/12/2022,Not Operational,,,,,,,0.735,Not Operational
04/12/2022,03/12/2022,Not Operational,,,,,,,0.728,Not Operational
05/12/2022,03/12/2022,Not Operational,,,,,,,0.73,Not Operational
06/12/2022,03/12/2022,Not Operational,,,,,,,0.726,Not Operational
07/12/2022,03/12/2022,Not Operational,,,,,,,0.725,Not Operational
08/12/2022,03/12/2022,Not Operational,,,,,,,0.721,Not Operational
09/12/2022,03/12/2022,Not Operational,,,,,,,0.722,Not Operational
10/12/2022,03/12/2022,Not Operational,,,,,,,0.727,Not Operational
11/12/2022,03/12/2022,Not Operational,,,,,,,0.725,Not Operational
12/12/2022,03/12/2022,Not Operational,,,,,,,0.735,Not Operational
13/12/2022,03/12/2022,Not Operational,,,,,,,0.728,Not Operational
14/12/2022,03/12/2022,Not Operational,,,,,,,0.736,Not Operational
15/12/2022,03/12/2022,Not Operational,,,,,,,0.729,Not Operational
16/12/2022,03/12/2022,Not Operational,,,,,,,0.726,Not Operational
17/12/2022,03/12/2022,Not Operational,,,,,,,0.72,Not Operational
18/12/2022,03/12/2022,Not Operational,,,,,,,0.728,Not Operational
19/12/2022,03/12/2022,Not Operational,,,,,,,0.75,Not Operational
20/12/2022,03/12/2022,Not Operational,,,,,,,0.723,Not Operational
21/12/2022,03/12/2022,Not Operational,,,,,,,0.724,Not Operational
22/12/2022,03/12/2022,Not Operational,,,,,,,0.723,Not Operational
23/12/2022,03/12/2022,Not Operational,,,,,,,0.734,Not Operational
24/12/2022,03/12/2022,Not Operational,,,,,,,0.735,Not Operational
25/12/2022,03/12/2022,Not Operational,,,,,,,0.616,Not Operational
26/12/2022,03/12/2022,Not Operational,,,,,,,0.726,Not Operational
27/12/2022,03/12/2022,Not Operational,,,,,,,0.725,Not Operational
28/12/2022,03/12/2022,Not Operational,,,,,,,0.731,Not Operational
29/12/2022,03/12/2022,Not Operational,,,,,,,0.732,Not Operational
30/12/2022,03/12/2022,Not Operational,,,,,,,0.725,Not Operational
31/12/2022,03/12/2022,Not Operational,,,,,,,0.725,Not Operational
01/01/2023,03/12/2022,Not Operational,,,,,,,0.734,Not Operational
02/01/2023,03/12/2022,Not Operational,,,,,,,0.72,Not Operational
03/01/2023,03/12/2022,Not Operational,,,,,,,0.724,Not Operational
04/01/2023,03/12/2022,Not Operational,,,,,,,0.725,Not Operational
05/01/2023,03/12/2022,Not Operational,,,,,,,0.721,Not Operational
06/01/2023,03/12/2022,Not Operational,,,,,,,0.727,Not Operational
07/01/2023,03/12/2022,Not Operational,,,,,,,0.727,Not Operational
08/01/2023,03/12/2022,Not Operational,,,,,,,0.733,Not Operational
09/01/2023,03/12/2022,Not Operational,,,,,,,0.73,Not Operational
10/01/2023,03/12/2022,Not Operational,,,,,,,0.723,Not Operational
11/01/2023,03/12/2022,Not Operational,,,,,,,0.728,Not Operational
12/01/2023,03/12/2022,Not Operational,,,,,,,0.72,Not Operational
13/01/2023,03/12/2022,Not Operational,,,,,,,0.738,Not Operational
14/01/2023,03/12/2022,Not Operational,,,,,,,0.733,Not Operational
15/01/2023,03/12/2022,Not Operational,,,,,,,0.728,Not Operational
16/01/2023,03/12/2022,Not Operational,,,,,,,0.722,Not Operational
17/01/2023,17/01/2023,Green,,,,,,,0.725,Green
18/01/2023,17/01/2023,Green,,,,,,,0.724,Green
19/01/2023,17/01/2023,Green,,,,,,,0.724,Green
20/01/2023,17/01/2023,Green,,,,,,,0.726,Green
21/01/2023,17/01/2023,Green,,,,,,,0.724,Green
22/01/2023,17/01/2023,Green,,,,,,,0.732,Green
23/01/2023,17/01/2023,Green,,,,,,,0.731,Green
24/01/2023,17/01/2023,Green,,,,,,,0.725,Green
25/01/2023,17/01/2023,Green,,,,,,,0.73,Green
26/01/2023,17/01/2023,Green,,,,,,,0.735,Green
27/01/2023,17/01/2023,Green,,,,,,,0.731,Green
28/01/2023,17/01/2023,Green,,,,,,,0.732,Green
29/01/2023,17/01/2023,Green,,,,,,,0.723,Green
30/01/2023,17/01/2023,Green,,,,,,,0.73,Green
31/01/2023,17/01/2023,Green,,,,,,,0.719,Green
01/02/2023,17/01/2023,Green,,,,,,,0.724,Green
02/02/2023,17/01/2023,Green,,,,,,,0.727,Green
03/02/2023,17/01/2023,Green,,,,,,,0.729,Green
04/02/2023,17/01/2023,Green,,,,,,,0.725,Green
05/02/2023,17/01/2023,Green,,,,,,,0.728,Green
06/02/2023,17/01/2023,Green,,,,,,,0.73,Green
07/02/2023,17/01/2023,Green,,,,,,,0.731,Green
08/02/2023,17/01/2023,Green,,,,,,,0.728,Green
09/02/2023,17/01/2023,Green,,,,,,,0.729,Green
10/02/2023,17/01/2023,Green,,,,,,,0.727,Green
11/02/2023,17/01/2023,Green,,,,,,,0.73,Green
12/02/2023,17/01/2023,Green,,,,,,,0.723,Green
13/02/2023,17/01/2023,Green,,,,,,,0.723,Green
14/02/2023,17/01/2023,Green,,,,,,,0.73,Green
15/02/2023,17/01/2023,Green,,,,,,,0.728,Green
16/02/2023,17/01/2023,Green,,,,,,,0.727,Green
17/02/2023,17/01/2023,Green,,,,,,,0.724,Green
18/02/2023,17/01/2023,Green,,,,,,,0.723,Green
19/02/2023,17/01/2023,Green,,,,,,,0.723,Green
20/02/2023,17/01/2023,Green,,,,,,,0.727,Green
21/02/2023,17/01/2023,Green,,,,,,,0.729,Green
22/02/2023,17/01/2023,Green,,,,,,,0.736,Green
23/02/2023,17/01/2023,Green,,,,,,,0.726,Green
24/02/2023,17/01/2023,Green,,,,,,,0.726,Green
25/02/2023,17/01/2023,Green,,,,,,,0.72,Green
26/02/2023,17/01/2023,Green,,,,,,,0.723,Green
27/02/2023,17/01/2023,Green,,,,,,,0.728,Green
28/02/2023,17/01/2023,Green,,,,,,,0.733,Green
01/03/2023,17/01/2023,Green,,,,,,,0.732,Green
02/03/2023,17/01/2023,Green,,,,,,,0.73,Green
03/03/2023,17/01/2023,Green,,,,,,,0.727,Green
04/03/2023,17/01/2023,Green,,,,,,,0.72,Green
05/03/2023,17/01/2023,Green,,,,,,,0.723,Green
06/03/2023,17/01/2023,Green,,,,,,,0.729,Green
07/03/2023,17/01/2023,Green,,,,,,,0.735,Green
08/03/2023,17/01/2023,Green,,,,,,,0.726,Green
09/03/2023,17/01/2023,Green,,,,,,,0.733,Green
10/03/2023,17/01/2023,Green,,,,,,,0.738,Green
11/03/2023,11/03/2023,Red,,,,,,,0.723,Red
12/03/2023,12/03/2023,Yellow,,,,,,,0.726,Yellow
13/03/2023,13/03/2023,Yellow,,,,,,,0.727,Yellow
14/03/2023,14/03/2023,Green,,,,,,,0.733,Green
15/03/2023,14/03/2023,Green,,,,,,,0.728,Green
16/03/2023,14/03/2023,Green,,,,,,,0.725,Green
17/03/2023,17/03/2023,Not Operational,,,,,,,0.724,Not Operational
18/03/2023,17/03/2023,Not Operational,,,,,,,0.739,Not Operational
19/03/2023,17/03/2023,Not Operational,,,,,,,0.724,Not Operational
20/03/2023,17/03/2023,Not Operational,,,,,,,0.719,Not Operational
21/03/2023,17/03/2023,Not Operational,,,,,,,0.72,Not Operational
22/03/2023,17/03/2023,Not Operational,,,,,,,0.721,Not Operational
23/03/2023,17/03/2023,Not Operational,,,,,,,0.729,Not Operational
24/03/2023,17/03/2023,Not Operational,,,,,,,0.722,Not Operational
25/03/2023,17/03/2023,Not Operational,,,,,,,0.725,Not Operational
26/03/2023,17/03/2023,Not Operational,,,,,,,0.733,Not Operational
27/03/2023,17/03/2023,Not Operational,,,,,,,0.726,Not Operational
28/03/2023,17/03/2023,Not Operational,,,,,,,0.725,Not Operational
29/03/2023,17/03/2023,Not Operational,,,,,,,0.727,Not Operational
30/03/2023,17/03/2023,Not Operational,,,,,,,0.724,Not Operational
31/03/2023,17/03/2023,Not Operational,,,,,,,0.731,Not Operational
01/04/2023,17/03/2023,Not Operational,,,,,,,0.732,Not Operational
02/04/2023,17/03/2023,Not Operational,,,,,,,0.724,Not Operational
03/04/2023,17/03/2023,Not Operational,,,,,,,0.725,Not Operational
04/04/2023,17/03/2023,Not Operational,,,,,,,0.726,Not Operational
05/04/2023,17/03/2023,Not Operational,,,,,,,0.726,Not Operational
06/04/2023,17/03/2023,Not Operational,,,,,,,0.724,Not Operational
07/04/2023,17/03/2023,Not Operational,,,,,,,0.725,Not Operational
08/04/2023,17/03/2023,Not Operational,,,,,,,0.733,Not Operational
09/04/2023,17/03/2023,Not Operational,,,,,,,0.724,Not Operational
10/04/2023,17/03/2023,Not Operational,,,,,,,0.728,Not Operational
11/04/2023,17/03/2023,Not Operational,,,,,,,0.728,Not Operational
12/04/2023,17/03/2023,Not Operational,,,,,,,0.728,Not Operational
13/04/2023,17/03/2023,Not Operational,,,,,,,0.725,Not Operational
14/04/2023,17/03/2023,Not Operational,,,,,,,0.728,Not Operational
15/04/2023,17/03/2023,Not Operational,,,,,,,0.736,Not Operational
16/04/2023,17/03/2023,Not Operational,,,,,,,0.721,Not Operational
17/04/2023,17/03/2023,Not Operational,,,,,,,0.606,Not Operational
18/04/2023,17/03/2023,Not Operational,,,,,,,0.727,Not Operational
19/04/2023,17/03/2023,Not Operational,,,,,,,0.722,Not Operational
20/04/2023,17/03/2023,Not Operational,,,,,,,0.725,Not Operational
21/04/2023,17/03/2023,Not Operational,,,,,,,0.731,Not Operational
22/04/2023,17/03/2023,Not Operational,,,,,,,0.728,Not Operational
23/04/2023,17/03/2023,Not Operational,,,,,,,0.727,Not Operational
24/04/2023,17/03/2023,Not Operational,,,,,,,0.725,Not Operational
25/04/2023,25/04/2023,Green,,,,,,,0.727,Green
26/04/2023,25/04/2023,Green,,,,,,,0.727,Green
27/04/2023,25/04/2023,Green,,,,,,,0.729,Green
28/04/2023,25/04/2023,Green,,,,,,,0.728,Green
29/04/2023,25/04/2023,Green,,,,,,,0.727,Green
30/04/2023,25/04/2023,Green,,,,,,,0.731,Green
01/05/2023,25/04/2023,Green,,,,,,,0.725,Green
02/05/2023,25/04/2023,Green,,,,,,,0.724,Green
03/05/2023,25/04/2023,Green,,,,,,,0.731,Green
04/05/2023,25/04/2023,Green,,,,,,,0.73,Green
05/05/2023,05/05/2023,Red,,,,,,,0.732,Red
06/05/2023,06/05/2023,Green,,,,,,,0.731,Green
07/05/2023,06/05/2023,Green,,,,,,,0.727,Green
08/05/2023,06/05/2023,Green,,,,,,,0.728,Green
09/05/2023,09/05/2023,Yellow,,,,,,,0.71,Yellow
10/05/2023,10/05/2023,Red,,,,,,,0.727,Red
11/05/2023,11/05/2023,Green,,,,,,,0.724,Green
12/05/2023,11/05/2023,Green,,,,,,,0.722,Green
13/05/2023,11/05/2023,Green,,,,,,,0.721,Green
14/05/2023,11/05/2023,Green,,,,,,,0.725,Green
15/05/2023,11/05/2023,Green,,,,,,,0.729,Green
16/05/2023,11/05/2023,Green,,,,,,,0.726,Green
17/05/2023,11/05/2023,Green,,,,,,,0.723,Green
18/05/2023,11/05/2023,Green,,,,,,,0.716,Green
19/05/2023,11/05/2023,Green,,,,,,,0.74,Green
20/05/2023,11/05/2023,Green,,,,,,,0.73,Green
21/05/2023,11/05/2023,Green,,,,,,,0.727,Green
22/05/2023,11/05/2023,Green,,,,,,,0.72,Green
23/05/2023,11/05/2023,Green,,,,,,,0.723,Green
24/05/2023,11/05/2023,Green,,,,,,,0.724,Green
25/05/2023,11/05/2023,Green,,,,,,,0.73,Green
26/05/2023,11/05/2023,Green,,,,,,,0.727,Green
27/05/2023,11/05/2023,Green,,,,,,,0.733,Green
28/05/2023,11/05/2023,Green,,,,,,,0.73,Green
29/05/2023,11/05/2023,Green,,,,,,,0.733,Green
30/05/2023,11/05/2023,Green,,,,,,,0.733,Green
31/05/2023,11/05/2023,Green,,,,,,,0.735,Green
01/06/2023,11/05/2023,Green,,,,,,,0.723,Green
02/06/2023,11/05/2023,Green,,,,,,,0.73,Green
03/06/2023,11/05/2023,Green,,,,,,,0.727,Green
04/06/2023,11/05/2023,Green,,,,,,,0.727,Green
05/06/2023,11/05/2023,Green,,,,,,,0.72,Green
06/06/2023,11/05/2023,Green,,,,,,,0.703,Green
07/06/2023,11/05/2023,Green,,,,,,,0.705,Green
08/06/2023,11/05/2023,Green,,,,,,,0.697,Green
09/06/2023,11/05/2023,Green,,,,,,,0.692,Green
10/06/2023,11/05/2023,Green,,,,,,,0.692,Green
11/06/2023,11/05/2023,Green,,,,,,,0.684,Green
12/06/2023,11/05/2023,Green,,,,,,,0.681,Green
13/06/2023,11/05/2023,Green,,,,,,,0.682,Green
14/06/2023,11/05/2023,Green,,,,,,,0.686,Green
15/06/2023,11/05/2023,Green,,,,,,,0.676,Green
16/06/2023,11/05/2023,Green,,,,,,,0.677,Green
17/06/2023,11/05/2023,Green,,,,,,,0.667,Green
18/06/2023,11/05/2023,Green,,,,,,,0.694,Green
19/06/2023,11/05/2023,Green,,,,,,,0.685,Green
20/06/2023,11/05/2023,Green,,,,,,,0.685,Green
21/06/2023,11/05/2023,Green,,,,,,,0.694,Green
22/06/2023,11/05/2023,Green,,,,,,,0.66,Green
23/06/2023,11/05/2023,Green,,,,,,,0.667,Green
24/06/2023,11/05/2023,Green,,,,,,,0.663,Green
25/06/2023,11/05/2023,Green,,,,,,,0.66,Green
26/06/2023,11/05/2023,Green,,,,,,,0.672,Green
27/06/2023,11/05/2023,Green,,,,,,,0.687,Green
28/06/2023,11/05/2023,Green,,,,,,,0.69,Green
29/06/2023,11/05/2023,Green,,,,,,,0.71,Green
30/06/2023,11/05/2023,Green,,,,,,,0.71,Green
01/07/2023,11/05/2023,Green,,,,,,,0.71,Green
02/07/2023,11/05/2023,Green,,,,,,,0.707,Green
03/07/2023,11/05/2023,Green,,,,,,,-0.076,Green
04/07/2023,11/05/2023,Green,,,,,,,0.541,Green
05/07/2023,11/05/2023,Green,,,,,,,0.73,Green
06/07/2023,06/07/2023,Not Operational,test,test,test,test,test,test,test,test
